driver_avg_corner_speed,driver_min_corner_speed,driver_corner_throttle,driver_corner_brake,driver_corner_rpm,driver_avg_straight_speed,driver_top_speed,driver_straight_throttle,driver_drs_usage,driver,circuit_id,season
139.50899780593122,44.0,35.758906980182886,12.835907776884538,9113.088146086384,164.74967509989096,325.0,59.716877186513706,100.0,alb,albert_park,2019
139.50899780593122,44.0,35.758906980182886,12.835907776884538,9113.088146086384,164.74967509989096,325.0,59.716877186513706,100.0,alb,albert_park,2022
135.0598074355568,53.0,19.797466960782728,28.25910064692907,8995.58579546785,157.04049702812975,327.0,55.303650368751825,100.0,alb,americas,2019
135.0598074355568,53.0,19.797466960782728,28.25910064692907,8995.58579546785,157.04049702812975,327.0,55.303650368751825,100.0,alb,americas,2022
125.22291885380018,42.0,31.95628536730223,16.072986051490574,9101.101115938305,170.64617940816404,326.0,64.39173475949472,100.0,alb,bahrain,2019
125.22291885380018,42.0,31.95628536730223,16.072986051490574,9101.101115938305,170.64617940816404,326.0,64.39173475949472,100.0,alb,bahrain,2020
125.20808000333432,39.0,26.107855539121818,20.26703773424817,8940.708412284499,162.46212707917203,326.5,56.87280476580493,100.0,alb,bahrain,2022
129.8856208994794,36.0,21.483568823705777,29.857274660349578,9108.638325127391,155.36460155842406,324.0,62.95746440141223,100.0,alb,catalunya,2019
129.8856208994794,36.0,21.483568823705777,29.857274660349578,9108.638325127391,155.36460155842406,324.0,62.95746440141223,100.0,alb,catalunya,2020
127.26776864317577,34.0,15.432096759671733,35.97485818341175,8995.886556682228,146.46801839462123,322.0,53.69758635092596,100.0,alb,catalunya,2022
117.41205706730312,26.0,25.8813370089726,20.483815988667452,8636.145685242009,143.12010946110013,343.0,50.336924676301855,100.0,alb,hockenheimring,2019
120.24901348510424,60.0,12.791109588915665,22.041017926468157,8693.431202076275,143.07854422587533,322.0,54.198654533897,100.0,alb,hungaroring,2019
120.24901348510424,60.0,12.791109588915665,22.041017926468157,8693.431202076275,143.07854422587533,322.0,54.198654533897,100.0,alb,hungaroring,2020
125.37983905370518,46.0,9.019276934451213,33.60939250993897,8827.41480633014,144.1492979303331,323.0,50.59649717976906,100.0,alb,hungaroring,2022
122.35505051789477,47.0,19.933099870737127,17.576309207649118,8872.254262192146,153.0465332869171,332.0,57.906780588006214,100.0,alb,interlagos,2019
122.35505051789477,47.0,19.933099870737127,17.576309207649118,8872.254262192146,153.0465332869171,332.0,57.906780588006214,100.0,alb,interlagos,2022
173.17039644632035,51.0,52.01398560769756,7.5501300528035316,10049.450946055105,193.38963148674495,346.0,62.281950498556135,100.0,alb,monza,2019
173.17039644632035,51.0,52.01398560769756,7.5501300528035316,10049.450946055105,193.38963148674495,346.0,62.281950498556135,100.0,alb,monza,2020
185.18678946698407,57.0,46.54703308959234,26.216733814121067,10228.267119120948,160.8369390640971,316.0,49.761549518763495,100.0,alb,nurburgring,2020
142.36877768084418,55.0,25.786887401334294,17.23108206596073,9104.216566837942,164.80528670945523,328.0,61.402657952605104,100.0,alb,red_bull_ring,2019
142.36877768084418,55.0,25.786887401334294,17.23108206596073,9104.216566837942,164.80528670945523,328.0,61.402657952605104,100.0,alb,red_bull_ring,2020
143.67348911275548,53.5,26.368954953100783,14.631066965830257,9226.936389976156,170.74347109381415,326.5,58.461708992086514,100.0,alb,red_bull_ring,2022
183.37436071945035,46.0,39.58748976871781,36.649534607021266,9884.103307051979,159.80887265808167,348.0,42.29162634934953,100.0,alb,rodriguez,2019
183.37436071945035,46.0,39.58748976871781,36.649534607021266,9884.103307051979,159.80887265808167,348.0,42.29162634934953,100.0,alb,rodriguez,2022
150.0392811016562,56.0,20.210575324168776,25.31809221048016,9263.298841306349,180.40021451262578,333.0,65.67800822574276,100.0,alb,silverstone,2019
150.0392811016562,56.0,20.210575324168776,25.31809221048016,9263.298841306349,180.40021451262578,333.0,65.67800822574276,100.0,alb,silverstone,2020
152.36665594592557,56.5,22.247201283090803,24.59757713358084,9278.288996242236,169.40050770754348,324.0,61.407466470850444,100.0,alb,silverstone,2022
141.49541577759257,0.0,13.26239958594208,52.149291055890664,9189.035520268264,164.14023165360797,327.0,49.43416925025621,100.0,alb,sochi,2019
141.49541577759257,0.0,13.26239958594208,52.149291055890664,9189.035520268264,164.14023165360797,327.0,49.43416925025621,100.0,alb,sochi,2020
139.92353074047335,0.0,36.926554107280076,17.381685264706196,8694.195708161942,154.66468903201502,333.0,41.022065123877596,100.0,alb,spa,2019
139.92353074047335,0.0,36.926554107280076,17.381685264706196,8694.195708161942,154.66468903201502,333.0,41.022065123877596,100.0,alb,spa,2020
145.11072030597373,19.5,34.34387446617491,13.33826702552079,8940.941408301138,163.75042975752606,332.5,46.38227055011453,100.0,alb,spa,2022
164.12635010013634,37.0,34.713960317714424,17.42170789848379,9514.894486573012,176.6755569013094,332.0,55.96352596957366,100.0,alb,suzuka,2019
164.12635010013634,37.0,34.713960317714424,17.42170789848379,9514.894486573012,176.6755569013094,332.0,55.96352596957366,100.0,alb,suzuka,2022
111.49607720147284,33.0,32.13417118766458,13.65736197740802,8680.296195756448,158.76319421287587,331.0,52.681486233116466,100.0,alb,villeneuve,2019
111.49607720147284,33.0,32.13417118766458,13.65736197740802,8680.296195756448,158.76319421287587,331.0,52.681486233116466,100.0,alb,villeneuve,2022
110.16838044597431,49.0,19.091864311574266,25.203019636583882,8572.562178553224,138.0439078105813,326.0,42.25134818319732,100.0,alb,yas_marina,2019
110.16838044597431,49.0,19.091864311574266,25.203019636583882,8572.562178553224,138.0439078105813,326.0,42.25134818319732,100.0,alb,yas_marina,2020
111.28991352837065,47.5,15.985161712794483,29.48978629775799,8651.141351707283,135.31134199564156,324.5,41.567369318645376,100.0,alb,yas_marina,2022
130.05675113881114,62.0,44.121863568369065,3.7861691200732297,8976.137369502663,141.30481458565384,323.0,40.10724808739304,100.0,alb,zandvoort,2022
125.54803120851207,38.0,17.74609203814896,25.9058301118395,8217.462689595097,156.07706053745912,325.0,44.94331230431953,100.0,albon,austin,2023
145.67632667710794,0.0,30.3568704112282,25.474510972157525,9067.937685877756,153.52853101432626,334.0,49.59472694506559,100.0,albon,barcelona,2023
119.03131260392428,61.0,12.76174040917554,22.174364335780936,8259.657141485686,148.1148317930214,315.0,47.343677691886725,100.0,albon,budapest,2023
175.15829212938115,37.0,54.42613781973315,3.602826934178994,9520.998814538958,190.03958500441112,327.0,60.15333856288873,100.0,albon,melbourne,2023
179.56017810716875,45.0,36.95764518507872,31.357161828352798,9261.430119262268,157.49947589667048,347.0,38.21279944339199,100.0,albon,mexico_city,2023
98.9026906431547,38.0,18.734708908732443,17.977518192920307,7605.584453136311,147.1240465642166,343.0,44.15087681482157,100.0,albon,montréal,2023
152.69786259764282,49.0,35.8171681000384,7.698710039587593,9240.550652413822,191.30800585587264,349.0,60.95167033369975,100.0,albon,monza,2023
123.81542448538544,50.0,22.55720767375477,27.51277525010972,8139.278954059727,160.03958364905108,324.0,55.07870811392788,100.0,albon,sakhir,2023
145.09893472481215,61.0,16.980536242133937,30.552278434116154,8673.483603192002,161.82606913213124,327.0,55.16186256380124,100.0,albon,silverstone,2023
135.8129072915966,34.0,21.141403420760778,20.995380924875807,8637.198152577761,165.9652044524915,321.0,45.37374010716202,100.0,albon,spa_francorchamps,2023
144.78180581608234,50.0,28.417385557575166,14.030307754165461,8764.29363286997,169.60309875716075,330.0,58.04071656633262,100.0,albon,spielberg,2023
148.52821892719382,60.0,19.62110047593027,19.352526144391057,8918.945895728053,167.07850775554346,334.0,45.594637103723876,100.0,albon,suzuka,2023
112.41249783782266,28.0,9.688358067714422,27.149634539889888,8107.561541239018,143.3177123307641,332.0,46.172741448835424,100.0,albon,são_paulo,2023
118.54507741533308,29.0,34.547521161753984,8.268691017098488,8679.483089868452,136.14482666808192,322.0,37.4967978547199,100.0,albon,zandvoort,2023
149.67963172988394,36.0,43.51974782265055,11.589706244412541,9285.202634987258,175.24985619233874,312.0,65.678991635383,100.0,alo,albert_park,2018
149.67963172988394,36.0,43.51974782265055,11.589706244412541,9285.202634987258,175.24985619233874,312.0,65.678991635383,100.0,alo,albert_park,2022
128.07774075255816,53.0,20.218338535805994,34.18140371180317,8402.072628262727,154.62802824639985,315.0,54.23119617346304,100.0,alo,americas,2018
128.07774075255816,53.0,20.218338535805994,34.18140371180317,8402.072628262727,154.62802824639985,315.0,54.23119617346304,100.0,alo,americas,2021
122.9966044620518,45.5,19.393331009823633,27.5796686648086,8253.450868353026,148.811724433947,315.5,48.98659401802396,100.0,alo,americas,2022
124.76600803800235,51.0,27.81977752034586,16.712939674374585,8613.155221101684,162.64147403664236,316.0,59.2269766100866,100.0,alo,bahrain,2018
124.76600803800235,51.0,27.81977752034586,16.712939674374585,8613.155221101684,162.64147403664236,316.0,59.2269766100866,100.0,alo,bahrain,2021
118.77043289857565,49.0,20.92309164867762,23.60206087805774,8350.320361165344,151.10181668303335,316.5,52.83728895851837,100.0,alo,bahrain,2022
132.11234279626441,34.0,14.554361374530906,47.00918832494363,8614.9198206969,153.21103093683533,316.0,62.77770031863491,100.0,alo,catalunya,2018
132.11234279626441,34.0,14.554361374530906,47.00918832494363,8614.9198206969,153.21103093683533,316.0,62.77770031863491,100.0,alo,catalunya,2021
132.84865295387476,34.0,15.562956427480275,39.837426398312594,8527.355518070468,144.61944951675005,318.0,52.79938196087306,100.0,alo,catalunya,2022
130.25857429339965,42.0,27.16254447477403,27.322070729404096,8735.567189859525,153.6657649538574,316.0,58.8239135557218,100.0,alo,hockenheimring,2018
120.23939704962089,37.0,7.828009823565477,54.94923897801929,8672.583241686798,140.3536775004766,321.0,53.66879163512226,100.0,alo,hungaroring,2018
120.23939704962089,37.0,7.828009823565477,54.94923897801929,8672.583241686798,140.3536775004766,321.0,53.66879163512226,100.0,alo,hungaroring,2021
120.05258806785122,43.0,8.3602751258641,41.456728358702584,8609.374440171603,136.74730480038573,314.5,49.22840727469274,100.0,alo,hungaroring,2022
123.82974399404986,30.0,16.720412614082218,31.471795227943552,8289.29158201973,154.14105889316713,323.0,54.464025457153966,100.0,alo,interlagos,2018
123.82974399404986,30.0,16.720412614082218,31.471795227943552,8289.29158201973,154.14105889316713,323.0,54.464025457153966,100.0,alo,interlagos,2021
121.74684089810819,34.5,15.219083509207124,27.65130315785905,8302.728853561093,149.30726200688986,325.5,53.848134490671896,100.0,alo,interlagos,2022
156.15566363344817,29.0,38.41633514394128,22.664362201256264,9340.631093349892,186.19795734685073,357.0,67.20429519280532,100.0,alo,monza,2018
156.15566363344817,29.0,38.41633514394128,22.664362201256264,9340.631093349892,186.19795734685073,357.0,67.20429519280532,100.0,alo,monza,2021
146.93774900019918,32.0,37.599725777180595,16.061405208741004,9179.062672309723,178.23266593149387,352.0,61.05416588772691,100.0,alo,monza,2022
141.33970977956042,55.0,21.59696842942299,24.23306990601419,8848.817461914068,178.9360093546409,321.0,68.84277786732048,100.0,alo,red_bull_ring,2018
141.33970977956042,55.0,21.59696842942299,24.23306990601419,8848.817461914068,178.9360093546409,321.0,68.84277786732048,100.0,alo,red_bull_ring,2021
139.85947086414984,52.0,23.722616916841922,21.810281642309242,8868.27912586546,166.65184585822357,320.0,61.234628094335264,100.0,alo,red_bull_ring,2022
171.10660864471737,29.0,37.76851244321129,36.79265020319799,9339.661308925452,151.2210438333777,341.0,43.665600882081776,100.0,alo,rodriguez,2018
171.10660864471737,29.0,37.76851244321129,36.79265020319799,9339.661308925452,151.2210438333777,341.0,43.665600882081776,100.0,alo,rodriguez,2021
157.94706945267527,31.0,36.49675276045311,31.128503094211176,9173.700402661656,153.04576351893644,342.0,42.400774264127136,100.0,alo,rodriguez,2022
129.650186876887,57.0,13.785003204982408,43.683494628935215,8162.18483405199,146.04717793027967,327.0,50.3854505986183,100.0,alo,shanghai,2018
139.15544378834088,68.0,13.00222927697564,33.61855172914946,8636.595080944597,161.2450154658134,318.0,59.32013659527096,100.0,alo,silverstone,2018
139.15544378834088,68.0,13.00222927697564,33.61855172914946,8636.595080944597,161.2450154658134,318.0,59.32013659527096,100.0,alo,silverstone,2021
139.2139028147893,40.5,14.606026131768328,28.581106232926647,8744.779489739074,162.09459643354376,321.5,57.77677624426406,100.0,alo,silverstone,2022
126.7790864692222,45.0,14.694170294193098,46.65551222849695,8493.6348003369,140.8857103279103,317.0,48.994466028808425,100.0,alo,sochi,2018
126.7790864692222,45.0,14.694170294193098,46.65551222849695,8493.6348003369,140.8857103279103,317.0,48.994466028808425,100.0,alo,sochi,2021
159.8091065727791,52.0,40.765832543353085,22.936695787361455,9622.698396681464,181.69466117779277,336.0,66.55878310513356,100.0,alo,spa,2018
159.8091065727791,52.0,40.765832543353085,22.936695787361455,9622.698396681464,181.69466117779277,336.0,66.55878310513356,100.0,alo,spa,2021
144.46820003754,42.0,33.26130273263528,20.675155934926394,9175.545167562053,170.42595651372537,325.0,61.13374364099488,100.0,alo,spa,2022
154.24076058774628,59.0,27.63292232114042,17.161531164424925,8864.415646149322,177.87999954883279,313.0,52.85637256204668,100.0,alo,suzuka,2018
154.24076058774628,59.0,27.63292232114042,17.161531164424925,8864.415646149322,177.87999954883279,313.0,52.85637256204668,100.0,alo,suzuka,2022
113.07690974439402,54.0,22.95934466170727,23.033725956538355,8381.064211543751,164.96805430912767,327.0,54.25832058935994,100.0,alo,villeneuve,2018
113.07690974439402,54.0,22.95934466170727,23.033725956538355,8381.064211543751,164.96805430912767,327.0,54.25832058935994,100.0,alo,villeneuve,2022
111.42666871313241,51.0,14.27663384038191,37.23868705603598,8349.200083620202,130.19610222880308,327.0,41.6624166680558,100.0,alo,yas_marina,2018
111.42666871313241,51.0,14.27663384038191,37.23868705603598,8349.200083620202,130.19610222880308,327.0,41.6624166680558,100.0,alo,yas_marina,2021
131.73408908055393,42.5,31.143048827060998,27.91570650581038,8948.690422739746,139.18155319493252,326.5,43.59870577276692,100.0,alo,yas_marina,2022
144.52146578701473,71.0,58.743355577778246,5.924482366193818,9776.024349177673,129.2455850786771,314.0,43.74575957540904,100.0,alo,zandvoort,2021
144.52146578701473,71.0,58.743355577778246,5.924482366193818,9776.024349177673,129.2455850786771,314.0,43.74575957540904,100.0,alo,zandvoort,2022
133.90292788578384,48.0,37.5809560342583,20.74069103051751,8653.389974475045,143.34505768404216,324.0,43.95973990293146,100.0,alonso,austin,2023
147.57376604967993,52.0,26.920162848959432,23.209557048929703,8943.120673850772,155.34278241521847,326.0,57.73261002403539,100.0,alonso,barcelona,2023
114.63709854322013,2.0,9.9259290367255,26.014249337563392,7870.2230082204605,134.1819089856477,317.0,43.822885254558535,100.0,alonso,budapest,2023
174.73953254792363,51.0,56.720808547563415,5.192142667792033,9374.137695971544,187.1222732310488,322.0,62.91820326970083,100.0,alonso,melbourne,2023
177.46719352104338,41.0,35.52542727468281,28.287736180869178,9108.049709146599,153.22629758714052,345.0,38.733419807042736,100.0,alonso,mexico_city,2023
99.7507285879129,42.0,22.280292612789154,15.966172795329076,7574.800399739851,149.0158017432785,329.0,46.507994855809955,100.0,alonso,montréal,2023
152.75158975458965,49.0,41.77354400303084,10.350948527104926,9175.644097304978,186.95880387961864,347.0,63.52571859137591,100.0,alonso,monza,2023
122.59060717137766,51.0,24.643263010160076,17.589041737989014,7895.764701974826,156.62835316893432,322.0,52.46620334753032,100.0,alonso,sakhir,2023
141.50500200828594,38.0,15.51716959521942,28.080529017400874,8761.271386992648,169.31023048577228,327.0,58.75238488716704,100.0,alonso,silverstone,2023
138.58264860187327,17.0,29.23840522230624,13.14275856750927,8527.598329792447,166.62937995645618,335.0,54.40340700484705,100.0,alonso,spa_francorchamps,2023
136.68152928735665,48.0,26.21262063183395,13.919256115627524,8276.840789827822,163.64386594398056,322.0,57.400173588657935,100.0,alonso,spielberg,2023
153.7574864708945,58.0,26.544050419812645,17.802174921924294,8678.995375783183,166.56466905473695,330.0,53.09154770580781,100.0,alonso,suzuka,2023
105.97857926267635,0.0,10.334712983662948,24.11035421332835,7561.280501662062,141.26731703607226,330.0,51.480637738321015,100.0,alonso,são_paulo,2023
121.64284136571797,34.0,45.234173358455415,3.8955407989999085,8596.774972893374,138.2816658586662,323.0,43.186101402659176,100.0,alonso,zandvoort,2023
144.5326038993593,34.0,28.889345293667628,14.975064215300067,8979.1434846234,159.2183785990657,320.0,54.80177266291861,100.0,bot,albert_park,2018
144.5326038993593,34.0,28.889345293667628,14.975064215300067,8979.1434846234,159.2183785990657,320.0,54.80177266291861,100.0,bot,albert_park,2019
141.77889412156017,27.0,30.97825755489756,13.063940316062606,8932.37837395451,161.90472297024388,321.0,55.660489126737886,100.0,bot,albert_park,2022
124.59872949196814,46.0,14.96301830914117,25.060019027497614,7942.423501894923,151.844512617444,324.0,52.72991442750452,100.0,bot,americas,2018
124.59872949196814,46.0,14.96301830914117,25.060019027497614,7942.423501894923,151.844512617444,324.0,52.72991442750452,100.0,bot,americas,2019
127.986787953945,45.0,16.753134092642775,29.31997300977646,8149.730392256548,153.3315592679175,324.5,54.26256394985201,100.0,bot,americas,2021
125.86465677008499,45.333333333333336,17.478384072519244,27.26008419209897,8335.156054809466,151.2829858628227,324.3333333333333,52.88631825588531,100.0,bot,americas,2022
130.27174703038492,51.0,19.305500549509045,31.600666878673895,8387.37704222888,160.10015188955848,326.0,53.03447908648377,100.0,bot,bahrain,2018
130.27174703038492,51.0,19.305500549509045,31.600666878673895,8387.37704222888,160.10015188955848,326.0,53.03447908648377,100.0,bot,bahrain,2019
130.06579793791846,50.0,21.977861955890308,26.317042990531966,8236.576319851303,163.64512571036187,325.0,56.40060755631022,100.0,bot,bahrain,2020
125.42250561286009,47.333333333333336,21.387445533711254,25.101879341743285,8131.649387172954,157.97105513833097,324.3333333333333,55.181180197637325,100.0,bot,bahrain,2021
123.67743856224355,46.25,20.009511433567532,26.218507675384462,8039.726886307698,156.33949988818304,322.25,55.01030004089734,100.0,bot,bahrain,2022
133.71143304174268,54.0,12.857371847120298,44.212680574425946,8610.220944531025,147.55320475914743,327.0,57.07733539041144,100.0,bot,catalunya,2018
133.71143304174268,54.0,12.857371847120298,44.212680574425946,8610.220944531025,147.55320475914743,327.0,57.07733539041144,100.0,bot,catalunya,2019
132.22567877109577,51.0,16.71332883530586,35.45610070086821,8544.426995862364,148.33548735624845,324.5,55.60243808437704,100.0,bot,catalunya,2020
130.20333949509003,37.333333333333336,15.106446394287367,36.35822304860053,8436.363352522409,145.11573332160387,323.6666666666667,54.28764284301621,100.0,bot,catalunya,2021
131.80681116357323,30.25,16.246153870884644,38.42376717993109,8487.917141797765,143.06395726560714,322.25,53.46938190797751,100.0,bot,catalunya,2022
132.6418005923001,52.0,26.99063087614401,18.322054713478913,8759.533711899969,157.3666671745347,325.0,55.204325473467726,100.0,bot,hockenheimring,2018
132.6418005923001,52.0,26.99063087614401,18.322054713478913,8759.533711899969,157.3666671745347,325.0,55.204325473467726,100.0,bot,hockenheimring,2019
121.29106581192809,51.0,7.485958801838113,31.23627693504948,8176.5714197863,140.24772916328226,325.0,52.13812348369678,100.0,bot,hungaroring,2018
121.29106581192809,51.0,7.485958801838113,31.23627693504948,8176.5714197863,140.24772916328226,325.0,52.13812348369678,100.0,bot,hungaroring,2019
122.27192365691039,54.0,10.246218982140823,23.25707198115535,8194.427780893438,143.8464019284295,324.0,51.24789962300213,100.0,bot,hungaroring,2020
124.59500184758947,48.0,10.271050283879125,26.888952069677227,8274.317640015917,145.84165681597037,323.3333333333333,53.08009787116572,100.0,bot,hungaroring,2021
123.55886626163164,44.5,11.226421347867044,25.170957499819245,8148.1144137354095,143.73547805766336,320.75,52.230644845630735,100.0,bot,hungaroring,2022
123.29562512924126,39.0,11.27259835581166,28.04207222721434,8199.763191525431,152.13545538224432,334.0,56.14380357116931,100.0,bot,interlagos,2018
123.29562512924126,39.0,11.27259835581166,28.04207222721434,8199.763191525431,152.13545538224432,334.0,56.14380357116931,100.0,bot,interlagos,2019
122.45860714868243,43.5,14.523663380464528,27.186869192837584,8325.722409291011,150.8140878009315,333.5,55.854476714488044,100.0,bot,interlagos,2021
119.9915248664583,34.0,14.323751447024526,27.223029644611064,8328.227026569864,146.9840582381551,330.6666666666667,54.7619166913023,100.0,bot,interlagos,2022
166.02920521494,50.0,38.345139540960126,14.445020222044942,9276.746455172557,187.9915721236615,344.0,64.55839614637281,100.0,bot,monza,2018
166.02920521494,50.0,38.345139540960126,14.445020222044942,9276.746455172557,187.9915721236615,344.0,64.55839614637281,100.0,bot,monza,2019
166.47328875270915,49.5,44.45092003761515,9.558719191474118,9362.274461467254,189.58141214353532,341.5,64.14921362277984,100.0,bot,monza,2020
163.03343826598947,49.333333333333336,40.267521249870434,13.944543803300087,9168.612840751615,189.18991924885088,340.6666666666667,64.36059427820827,100.0,bot,monza,2021
160.64929044084766,47.75,39.99032458904562,13.174823494658721,9216.294385247355,188.63748035588318,340.0,64.88071393245826,100.0,bot,monza,2022
186.33051127624668,37.0,50.28357434829842,25.896018959179145,9922.690112017888,163.36097427889538,321.0,57.697885432432486,100.0,bot,nurburgring,2020
144.5162150560009,50.0,20.29040411903292,21.618815968433562,8740.674299283715,172.25860113873836,328.0,62.10768319423494,100.0,bot,red_bull_ring,2018
144.5162150560009,50.0,20.29040411903292,21.618815968433562,8740.674299283715,172.25860113873836,328.0,62.10768319423494,100.0,bot,red_bull_ring,2019
145.32383814936702,31.0,21.848944004845897,19.511367259515737,8768.371555597123,172.06001158305077,326.5,61.515976455649096,100.0,bot,red_bull_ring,2020
143.16460878987138,20.666666666666668,23.7512360906163,18.689446909105772,8681.23117508556,172.8034402494495,326.6666666666667,61.128590233282154,100.0,bot,red_bull_ring,2021
197.7775384703151,59.0,39.57857521211777,32.54848027047758,9552.764933547021,169.81969349821097,349.0,44.42208783034622,100.0,bot,rodriguez,2018
197.7775384703151,59.0,39.57857521211777,32.54848027047758,9552.764933547021,169.81969349821097,349.0,44.42208783034622,100.0,bot,rodriguez,2019
194.87506506406865,56.5,38.934751144199836,33.556574702951046,9534.671875460743,168.33230298139745,349.0,44.38771819469314,100.0,bot,rodriguez,2021
186.51588622879504,43.666666666666664,37.77708451978949,32.79474211649762,9480.617109801178,159.5106627821559,349.0,44.63037144110572,100.0,bot,rodriguez,2022
141.53828397688036,58.0,14.829066166555656,42.892485264291366,8550.886596197832,157.77852366419336,332.0,57.76520733050578,100.0,bot,shanghai,2018
141.53828397688036,58.0,14.829066166555656,42.892485264291366,8550.886596197832,157.77852366419336,332.0,57.76520733050578,100.0,bot,shanghai,2019
145.51222175956744,61.0,14.12206518941871,25.463795906397262,8666.546432835119,168.69220188845782,322.0,59.256178565308154,100.0,bot,silverstone,2018
145.51222175956744,61.0,14.12206518941871,25.463795906397262,8666.546432835119,168.69220188845782,322.0,59.256178565308154,100.0,bot,silverstone,2019
152.3914015958925,60.5,19.412857484668436,22.91780475342375,8823.608597189574,177.65817654047845,326.0,61.18764355393304,100.0,bot,silverstone,2020
149.23740432003686,51.666666666666664,21.130089120873667,22.51105750085571,8772.56043342778,171.46297430765512,324.3333333333333,59.84988283016858,100.0,bot,silverstone,2021
147.449072095549,43.75,20.20544475626326,22.213033589741197,8589.4836484757,170.19214871469387,325.75,59.101491769060424,100.0,bot,silverstone,2022
135.78309078852462,28.0,9.365012334976795,51.70293298647221,8582.486865491583,145.05033929725906,328.0,48.03861416161088,100.0,bot,sochi,2018
135.78309078852462,28.0,9.365012334976795,51.70293298647221,8582.486865491583,145.05033929725906,328.0,48.03861416161088,100.0,bot,sochi,2019
137.79601365371903,18.0,11.166672703064766,52.152215617052434,8657.312376720185,144.88065880961315,327.5,53.93634015212,100.0,bot,sochi,2020
135.53497909818842,24.0,11.393410837092985,51.355441154158314,8569.018291953165,141.79991440059652,329.6666666666667,53.87455059486067,100.0,bot,sochi,2021
165.04427374640946,52.0,39.57277404222442,13.221580124004232,9182.42755499383,181.02151621373105,332.0,60.611823631195044,100.0,bot,spa,2018
165.04427374640946,52.0,39.57277404222442,13.221580124004232,9182.42755499383,181.02151621373105,332.0,60.611823631195044,100.0,bot,spa,2019
157.12871195937868,44.5,36.68597849923601,12.230579005082749,8859.554168224568,168.62644548216403,333.5,55.90137185879784,100.0,bot,spa,2020
154.60831448826534,44.333333333333336,36.596835152767255,11.406077992043047,8906.102445414917,169.13930695436093,333.3333333333333,55.83441493735711,100.0,bot,spa,2021
149.13109607897943,41.75,34.45401503898456,11.668536167410496,8715.29816006809,166.14750568964885,330.5,54.84067087405353,100.0,bot,spa,2022
146.19183452144458,43.0,17.486199161948115,17.734985922520636,8451.773746361254,159.03252604666287,327.0,47.897994459286245,100.0,bot,suzuka,2018
146.19183452144458,43.0,17.486199161948115,17.734985922520636,8451.773746361254,159.03252604666287,327.0,47.897994459286245,100.0,bot,suzuka,2019
149.46361691727174,45.5,25.2663649583607,15.899587862484209,8555.82859895841,161.4395618452937,328.5,53.48721415740915,100.0,bot,suzuka,2022
120.11633373460178,49.0,22.286467828452757,30.318011400991477,8472.487791614272,171.54848117118908,330.0,57.511830756527644,100.0,bot,villeneuve,2018
120.11633373460178,49.0,22.286467828452757,30.318011400991477,8472.487791614272,171.54848117118908,330.0,57.511830756527644,100.0,bot,villeneuve,2019
120.34781488712981,46.0,29.28117051723664,23.836344351083817,8666.965174067274,164.18889346017937,331.0,54.672022166766794,100.0,bot,villeneuve,2022
108.60408487394828,51.0,11.753258819900037,34.8507121147189,7569.692623104365,128.80674135035574,329.0,39.75523954549546,100.0,bot,yas_marina,2018
108.60408487394828,51.0,11.753258819900037,34.8507121147189,7569.692623104365,128.80674135035574,329.0,39.75523954549546,100.0,bot,yas_marina,2019
109.66943400442136,49.0,14.60709029367884,33.113180775322434,7826.261842876616,131.8579133749202,327.5,43.23650402124586,100.0,bot,yas_marina,2020
109.24924803564022,44.666666666666664,13.77097417913442,34.44940466087937,7800.709799130844,132.0934319636619,326.0,44.269290294165444,100.0,bot,yas_marina,2021
121.41024332150718,39.75,22.96676624111241,30.463669465969677,8256.978252185538,138.29093178224704,325.0,45.91956888419904,100.0,bot,yas_marina,2022
131.37477466747887,32.0,48.006739272130126,6.672272517918872,8558.706302224378,119.86618013835044,319.0,46.42444596353481,100.0,bot,zandvoort,2021
131.37477466747887,32.0,48.006739272130126,6.672272517918872,8558.706302224378,119.86618013835044,319.0,46.42444596353481,100.0,bot,zandvoort,2022
121.7033103767901,55.0,16.53080845837382,24.031196468079067,7934.901629755759,153.0187021031028,327.0,51.02545793641201,100.0,bottas,austin,2023
136.99925778444174,0.0,27.67156362737184,31.16236789947649,8700.504650119132,150.98849339576333,328.0,53.99546573801151,100.0,bottas,barcelona,2023
122.89282554834585,30.0,10.217678318225772,33.66157723936121,8384.142063221785,136.94902055242508,315.0,52.81205527048214,100.0,bottas,budapest,2023
177.4383884219924,46.0,59.11586991450115,8.321782172656187,9738.195641915258,209.7851917382182,322.0,69.57515027929057,100.0,bottas,melbourne,2023
180.03715739410146,55.0,38.27403540392418,40.28682424226987,9328.855787266299,154.45515357315045,349.0,41.55997764173541,100.0,bottas,mexico_city,2023
98.6407920301851,41.0,21.43788047478594,21.69794427928933,7322.849787740536,149.41827392086662,329.0,45.05668238167557,100.0,bottas,montréal,2023
160.3092172146532,56.0,44.40158237194778,12.937511227755763,9290.42956294527,195.09404046072314,350.0,69.90660663173,100.0,bottas,monza,2023
122.39606293802078,53.0,25.11202964524122,23.972805646834367,8074.761901823154,157.59724924819346,320.0,58.38324136804453,100.0,bottas,sakhir,2023
145.58115715833887,15.0,21.789727360087724,39.31772637860179,8434.932337600327,163.98459905024185,305.0,62.28975451126131,100.0,bottas,silverstone,2023
132.02716254103686,35.0,28.121143321845825,19.783747821391916,8404.30055852518,165.12952919083529,317.0,53.20070922885097,100.0,bottas,spa_francorchamps,2023
142.13542206113212,46.0,31.26237569119707,17.622590225921908,8674.177009781577,150.69607768863884,325.0,54.57012304739225,100.0,bottas,spielberg,2023
164.22610069110777,61.0,35.88648751318114,26.087591977055972,8992.621638721537,176.08948535922272,329.0,56.602236746789124,100.0,bottas,suzuka,2023
117.50776428002179,41.0,14.183551645025013,33.44495063390452,8202.044562993044,149.0068330882516,329.0,52.32608483383655,100.0,bottas,são_paulo,2023
114.36396600687162,54.0,41.48141747079404,7.848707593748667,8311.872968047363,144.64749260923526,300.0,35.768741025699576,100.0,bottas,zandvoort,2023
151.87657061971402,54.0,39.80994565252893,16.915387276305232,8688.55297469639,187.942479739396,346.0,65.34423637693452,100.0,dev,monza,2022
145.5008111670368,45.0,41.94034286916168,12.88876640993895,8934.604451506199,176.0540498286618,318.0,66.25442562916436,100.0,eri,albert_park,2018
125.51216073756729,47.0,22.635100585872774,19.898197299767332,7834.682455169329,155.6245642816384,320.0,57.69111217714495,100.0,eri,americas,2018
137.1879219986431,54.0,37.04296782735584,14.963539675341076,8835.317902266057,177.09634793709222,325.0,68.27237531843558,100.0,eri,bahrain,2018
120.30428039909151,65.0,19.619292861020345,23.80299950860406,8112.554475262266,149.1079723401367,324.0,58.805432068682386,100.0,eri,catalunya,2018
124.31054201552823,0.0,32.42930660332317,12.128891873872956,8233.533696668583,146.1491738827892,326.0,58.66134212910545,100.0,eri,hockenheimring,2018
114.12326720680409,50.0,9.23398925667216,36.3213865473231,7754.767805207464,144.12254409018266,320.0,52.743052989441495,100.0,eri,hungaroring,2018
111.20347315313501,0.0,18.319067341631285,16.010981136546476,7563.430701616035,151.04058849873516,337.0,61.793820197974405,100.0,eri,interlagos,2018
159.70764285167766,58.0,49.254818031423085,7.8965922722501665,9210.943297941278,199.00503847629034,335.0,73.29255068922788,100.0,eri,monza,2018
137.06177933660146,50.0,27.075275775547198,12.556572867098536,8502.634535755371,171.36692472903624,320.0,65.2562346430233,100.0,eri,red_bull_ring,2018
183.57696752460333,44.0,42.152473550386034,36.22571346085981,9388.525563834632,154.4816477683709,354.0,43.279584200972955,100.0,eri,rodriguez,2018
133.2812186878116,60.0,18.5583569165507,37.049697585359546,8403.812316828167,155.62563484932974,326.0,57.60139315385889,100.0,eri,shanghai,2018
136.70006270535174,48.0,16.86383875137774,25.17638415163477,8134.703727164302,160.7289777753635,319.0,57.586083629490645,100.0,eri,silverstone,2018
122.4121113210109,17.0,13.789033232773853,37.20263906994995,8007.766166767451,141.24017603555873,327.0,59.69407303620592,100.0,eri,sochi,2018
153.85801101437994,53.0,38.59582527123727,8.970178185568075,9173.436970919922,176.14791767484587,332.0,63.85700070853247,100.0,eri,spa,2018
144.33750686466902,56.0,33.226460054094176,14.260246290212333,8335.217663397863,159.7564525619993,319.0,58.57931771164742,100.0,eri,suzuka,2018
107.48375099040915,50.0,29.343381866426753,11.956090823572257,7927.023574694239,178.13439715617994,323.0,53.01802338604918,100.0,eri,villeneuve,2018
101.865557320961,41.0,17.800567205952472,25.016477587191297,7391.360424887257,128.4283785580641,335.0,46.205006780722215,100.0,eri,yas_marina,2018
115.1756341857399,37.0,14.548179162293042,33.592772449752786,8334.838422186007,139.130076179584,325.0,42.09487139811323,100.0,fit,yas_marina,2020
133.73156993596538,61.0,33.791338822486416,11.942327815524742,8783.218012205254,164.62910229142935,315.0,60.06580444666444,100.0,gas,albert_park,2018
133.73156993596538,61.0,33.791338822486416,11.942327815524742,8783.218012205254,164.62910229142935,315.0,60.06580444666444,100.0,gas,albert_park,2019
134.98279395654328,55.0,34.253514517443975,9.041777460405786,8925.468560873145,172.18918850069187,316.5,57.785852446469754,100.0,gas,albert_park,2022
126.80387757216126,47.0,19.400317813061335,27.60596967366339,8206.938665007947,154.35634313312704,322.0,57.09008373238438,100.0,gas,americas,2018
126.80387757216126,47.0,19.400317813061335,27.60596967366339,8206.938665007947,154.35634313312704,322.0,57.09008373238438,100.0,gas,americas,2019
124.77303253203878,43.0,18.69579711831217,26.691790634500038,8465.557267494518,152.14841481936094,326.0,56.86339698827739,100.0,gas,americas,2021
120.83692558796194,40.0,17.841730440816168,24.421956937558203,8391.600558606848,146.32989972081904,325.0,53.43645765763256,100.0,gas,americas,2022
117.83216195676846,43.0,25.356339319822855,18.798607107501226,8259.349999458133,159.24982644694057,326.0,60.350295571053195,100.0,gas,bahrain,2018
117.83216195676846,43.0,25.356339319822855,18.798607107501226,8259.349999458133,159.24982644694057,326.0,60.350295571053195,100.0,gas,bahrain,2019
121.34392672943184,44.0,26.450196004006237,19.187166814697825,8516.962242912996,161.89122915022767,324.0,59.19822591916319,100.0,gas,bahrain,2020
120.35711064994695,44.333333333333336,26.499084335603925,19.073006564656705,8608.757024052687,159.3500687609101,324.3333333333333,58.88827027842216,100.0,gas,bahrain,2021
119.48147444027761,42.75,24.406691232567216,21.391074139674338,8577.771814822681,158.450623584737,323.5,59.122387541716265,100.0,gas,bahrain,2022
133.6166912692997,50.0,14.16145757666002,48.61194088708973,8781.145805799684,148.5211416104935,327.0,61.68649672847533,100.0,gas,catalunya,2018
133.6166912692997,50.0,14.16145757666002,48.61194088708973,8781.145805799684,148.5211416104935,327.0,61.68649672847533,100.0,gas,catalunya,2019
129.5511624767609,47.5,15.026400742538133,37.49755790666379,8842.737642171269,149.23706651769118,323.5,58.53934943522437,100.0,gas,catalunya,2020
128.0574023374505,39.0,14.202691910885358,39.0476118681482,8893.432724998367,146.08368336235654,324.3333333333333,57.82966887034943,100.0,gas,catalunya,2021
131.27343263913528,42.75,15.95359117826218,39.09122195310197,9015.131202294644,143.99579843635257,322.25,56.53528403495299,100.0,gas,catalunya,2022
122.99992702631822,46.0,26.407046861820984,19.429649364727,8301.163095791422,155.07449936699766,322.0,56.46316346243823,100.0,gas,hockenheimring,2018
122.99992702631822,46.0,26.407046861820984,19.429649364727,8301.163095791422,155.07449936699766,322.0,56.46316346243823,100.0,gas,hockenheimring,2019
115.99629437529686,51.0,7.218229967384136,41.97127543223188,8458.349755896455,133.82622706918863,315.0,53.06905476578945,100.0,gas,hungaroring,2018
115.99629437529686,51.0,7.218229967384136,41.97127543223188,8458.349755896455,133.82622706918863,315.0,53.06905476578945,100.0,gas,hungaroring,2019
118.89980394953949,51.5,9.928152894977943,33.71175545058019,8623.443375666826,139.52862900478317,316.5,52.652935359270664,100.0,gas,hungaroring,2020
119.84210339943074,46.0,9.872423398670174,34.604212365779254,8737.76646510165,139.4101304998244,319.0,53.85278736721276,100.0,gas,hungaroring,2021
116.82878368319388,35.75,13.910616627931278,35.12887646604302,8499.89478656051,134.03158005561522,316.5,55.42688538980325,100.0,gas,hungaroring,2022
118.34140426196909,36.0,14.000012517380641,22.696116536206148,8181.629850712567,149.77564179474751,334.0,58.900657332203224,100.0,gas,interlagos,2018
118.34140426196909,36.0,14.000012517380641,22.696116536206148,8181.629850712567,149.77564179474751,334.0,58.900657332203224,100.0,gas,interlagos,2019
118.95376313301259,32.5,17.09287303132967,19.78352328073436,8439.609299799684,152.70717891728577,333.0,60.92841527556351,100.0,gas,interlagos,2021
117.9821802197592,32.0,15.812376159557305,21.726457978097812,8428.211656696682,148.75283807507353,329.6666666666667,59.61803571957133,100.0,gas,interlagos,2022
154.1766825473635,48.0,38.6728870008162,18.029097324526244,9228.646064177417,190.62603944690056,342.0,70.96231512097603,100.0,gas,monza,2018
154.1766825473635,48.0,38.6728870008162,18.029097324526244,9228.646064177417,190.62603944690056,342.0,70.96231512097603,100.0,gas,monza,2019
153.2204182455815,47.0,42.32267300446253,12.39618191995591,9293.961384031061,186.81377701970752,343.0,68.03822117248495,100.0,gas,monza,2020
154.49887920166364,44.666666666666664,41.080387608992616,13.515103180707703,9443.624459194754,188.28964922479136,344.0,68.72829648421718,100.0,gas,monza,2022
183.38724539722415,41.0,51.08151884560757,26.488801265235793,10465.9556983019,162.9245645298022,316.0,56.96941180230993,100.0,gas,nurburgring,2020
138.64348048811726,44.0,25.605912052619544,21.84205545475059,8787.655094167527,177.00964078336096,325.0,68.23024968123599,100.0,gas,red_bull_ring,2018
138.64348048811726,44.0,25.605912052619544,21.84205545475059,8787.655094167527,177.00964078336096,325.0,68.23024968123599,100.0,gas,red_bull_ring,2019
142.62810876294674,50.5,23.205759956856646,21.952737069611274,8982.99739460451,176.42909094378456,324.0,65.13387249475475,100.0,gas,red_bull_ring,2020
140.73082520414215,48.333333333333336,26.402263676543882,18.487310700935442,9045.419790841963,175.39917546928578,323.6666666666667,65.37074909442224,100.0,gas,red_bull_ring,2021
136.4866730179828,37.25,28.233017506577433,18.492476040221092,8788.506038752203,169.91798705740183,323.25,64.66123051793238,100.0,gas,red_bull_ring,2022
179.92513370983767,52.0,44.178303863030834,27.832968195468197,9617.39206284202,155.17119213118977,348.0,44.55245843579245,100.0,gas,rodriguez,2018
179.92513370983767,52.0,44.178303863030834,27.832968195468197,9617.39206284202,155.17119213118977,348.0,44.55245843579245,100.0,gas,rodriguez,2019
180.6538390503469,42.0,41.40066222495597,31.487437334260786,9610.313801236094,156.05428675986911,348.5,43.55698028565544,100.0,gas,rodriguez,2021
178.69562057685494,39.333333333333336,40.610982788546124,31.136486831780825,9684.933762391536,155.13350180050756,349.6666666666667,42.777244451194036,100.0,gas,rodriguez,2022
148.10895142242018,68.0,20.91387173719178,41.31377144825291,8692.806348421764,150.1102514287847,326.0,49.06480990232613,100.0,gas,shanghai,2018
148.10895142242018,68.0,20.91387173719178,41.31377144825291,8692.806348421764,150.1102514287847,326.0,49.06480990232613,100.0,gas,shanghai,2019
143.04978075599809,56.0,19.64368786397985,25.66426747252999,8443.121463487269,162.44838745763124,320.0,60.67173473314071,100.0,gas,silverstone,2018
143.04978075599809,56.0,19.64368786397985,25.66426747252999,8443.121463487269,162.44838745763124,320.0,60.67173473314071,100.0,gas,silverstone,2019
147.51081110057154,52.5,18.359834487317542,24.777974203677125,8788.3800463806,168.9007270456139,325.0,58.096747371819035,100.0,gas,silverstone,2020
145.9482037626896,52.333333333333336,21.154021321855527,22.324750682736795,8845.819221143594,168.05737439596655,323.3333333333333,59.55147348795963,100.0,gas,silverstone,2021
141.95521435413303,50.5,20.532955264431283,21.608833929125744,8832.554303006455,165.8445215694234,324.0,59.432852238543795,100.0,gas,silverstone,2022
134.44845217725194,55.0,15.574910644845154,44.277790290412504,8837.574004980535,150.35414400746416,326.0,55.5228374028172,100.0,gas,sochi,2018
134.44845217725194,55.0,15.574910644845154,44.277790290412504,8837.574004980535,150.35414400746416,326.0,55.5228374028172,100.0,gas,sochi,2019
135.00694847154688,47.5,14.72912100115423,47.44445549955171,9039.522978093188,146.14595726734882,327.0,53.49899308211967,100.0,gas,sochi,2020
132.41901020745567,43.333333333333336,13.708232934006547,47.291027449797845,9080.12965624784,141.58039407170483,328.6666666666667,50.774802912843626,100.0,gas,sochi,2021
154.23730824498014,46.0,38.07595512311852,11.20221242319658,9157.269219144326,175.50125444662064,329.0,63.754592357580115,100.0,gas,spa,2018
154.23730824498014,46.0,38.07595512311852,11.20221242319658,9157.269219144326,175.50125444662064,329.0,63.754592357580115,100.0,gas,spa,2019
150.66144175770768,35.5,38.708058958849705,11.583733697458534,9272.322782223266,161.379504214913,331.0,58.42253129423449,100.0,gas,spa,2020
149.34784145885166,36.666666666666664,38.77904395530169,10.057950738935094,9304.014255470816,164.28619032596646,332.6666666666667,58.414843090638406,100.0,gas,spa,2021
145.12738598227932,36.75,35.91713797336306,11.03121705548968,9191.074282764452,163.17041121610268,328.75,57.39102951365409,100.0,gas,spa,2022
144.53029666751902,45.0,23.117186156691115,20.323578464626966,8957.041596014516,159.2598844193001,317.0,54.0152026302171,100.0,gas,suzuka,2018
144.53029666751902,45.0,23.117186156691115,20.323578464626966,8957.041596014516,159.2598844193001,317.0,54.0152026302171,100.0,gas,suzuka,2019
112.87438237988756,51.0,27.512094309248173,21.05347845264251,8399.138004070055,169.65317974382435,329.0,54.834487007866954,100.0,gas,villeneuve,2018
112.87438237988756,51.0,27.512094309248173,21.05347845264251,8399.138004070055,169.65317974382435,329.0,54.834487007866954,100.0,gas,villeneuve,2019
116.79282820485773,53.5,31.4178610892382,18.58840625686393,8764.470463875583,169.1909036175359,328.0,55.36359680333199,100.0,gas,villeneuve,2022
106.09502674902868,49.0,14.932778217711505,29.448217478156476,8103.865786532608,126.03622551717183,329.0,45.36738563408922,100.0,gas,yas_marina,2018
106.09502674902868,49.0,14.932778217711505,29.448217478156476,8103.865786532608,126.03622551717183,329.0,45.36738563408922,100.0,gas,yas_marina,2019
107.61562333525504,44.5,17.16721002661062,26.48154618618448,8351.762211502657,129.71750759220134,327.5,46.66029634227026,100.0,gas,yas_marina,2020
108.32345554809028,42.333333333333336,16.704078890106253,27.11763642183982,8472.97876791088,131.06872504714104,326.3333333333333,46.61894091684761,100.0,gas,yas_marina,2021
117.26556769585699,41.75,23.12039019586402,24.69920468389346,8722.382120147688,135.7132282727618,326.0,46.83281617625353,100.0,gas,yas_marina,2022
121.64415620656835,31.0,46.04536374316824,3.005526025325323,8729.398673834834,135.91573846470519,313.0,44.46815728041455,100.0,gas,zandvoort,2021
121.64415620656835,31.0,46.04536374316824,3.005526025325323,8729.398673834834,135.91573846470519,313.0,44.46815728041455,100.0,gas,zandvoort,2022
121.74858235672228,31.0,17.84936383967907,19.860867973274562,8235.477332947463,152.0133701041781,325.0,51.77855004147842,100.0,gasly,austin,2023
147.22823333408067,70.0,27.916645375104785,25.27124482774694,9499.461132798016,148.9966152653546,333.0,55.914933093947695,100.0,gasly,barcelona,2023
127.17439756353436,47.0,11.829294035036686,36.64665775677243,8904.929460099009,144.5321621398087,317.0,55.77256353391836,100.0,gasly,budapest,2023
175.44587371169098,29.0,58.15041091601037,3.764394980282155,9630.793030223342,193.77947739533164,328.0,67.08655946888562,100.0,gasly,melbourne,2023
177.3678342738052,58.0,38.502265544250356,31.772704509464386,9688.510512128942,158.0853883992365,344.0,41.63062700089467,100.0,gasly,mexico_city,2023
99.3946676809623,49.0,24.597333870903142,11.68570916707206,7551.969881095321,174.2874765370292,311.0,50.88167652015184,100.0,gasly,montréal,2023
160.81505988666316,46.0,48.350830637243675,7.187030210128036,9330.786098181954,198.10084330216895,347.0,73.12504010179693,100.0,gasly,monza,2023
129.53912429719333,43.0,25.39368279014414,23.665738300556168,8752.855597601087,162.1971160362899,325.0,55.7792902533102,100.0,gasly,sakhir,2023
144.98815255102375,42.0,16.52588442871709,26.48421279249081,8785.95219854886,165.2172619730154,324.0,56.76034637978397,100.0,gasly,silverstone,2023
135.6170684038827,23.0,28.55996895555693,13.788983340793337,8556.896825596357,163.5158540579337,325.0,54.503132947693835,100.0,gasly,spa_francorchamps,2023
135.96834394789613,23.0,28.361719415584112,12.445388769168929,8441.844929499479,168.01672814956297,324.0,59.968263551764004,100.0,gasly,spielberg,2023
146.3417549368753,62.0,27.45101285237891,12.722284450057668,8751.091098054381,162.92667048215287,331.0,53.89941211400394,100.0,gasly,suzuka,2023
111.50735121849164,14.0,8.680167360552666,26.198441165938515,8018.646385319445,134.3133861379365,340.0,46.92064066583676,100.0,gasly,são_paulo,2023
108.16226307941649,38.0,40.17072466920325,1.0328620224227452,8052.513088039666,137.52000518366108,304.0,40.92190623868211,100.0,gasly,zandvoort,2023
144.09469091405686,39.0,34.43404041016236,14.776306689270333,8874.600371771132,171.73417070333147,325.0,61.1005713049156,100.0,gio,albert_park,2019
130.94945813685126,56.0,24.150883688521706,23.87969570717722,8449.419410260029,159.3367514001428,330.0,59.17044428355809,100.0,gio,americas,2019
130.94945813685126,56.0,24.150883688521706,23.87969570717722,8449.419410260029,159.3367514001428,330.0,59.17044428355809,100.0,gio,americas,2021
128.7843507433434,54.0,31.1352252001143,17.59805909462051,8398.536965404954,169.2019070836801,328.0,60.24816260860671,100.0,gio,bahrain,2019
128.7843507433434,54.0,31.1352252001143,17.59805909462051,8398.536965404954,169.2019070836801,328.0,60.24816260860671,100.0,gio,bahrain,2020
126.51443478503796,52.5,30.44974665135418,16.955937103002903,8420.868016686447,164.86465907274516,326.5,59.3734750566846,100.0,gio,bahrain,2021
129.7694906352321,62.0,20.6755329253947,27.46729524273995,8643.388449092297,153.57272066518698,323.0,55.8482625012417,100.0,gio,catalunya,2019
129.7694906352321,62.0,20.6755329253947,27.46729524273995,8643.388449092297,153.57272066518698,323.0,55.8482625012417,100.0,gio,catalunya,2020
131.0494051440789,50.0,19.84764298965708,30.241715286367135,8802.284630816193,149.9872264325711,323.5,55.06064273298169,100.0,gio,catalunya,2021
129.1861119578456,50.0,30.305285899848442,18.611422701866402,8590.511778628203,158.3136022917908,336.0,60.793438098163335,100.0,gio,hockenheimring,2019
122.97869670815186,63.0,13.418476756179992,22.454022857749568,8526.310502189077,149.8488061656201,325.0,60.33866332594603,100.0,gio,hungaroring,2019
122.97869670815186,63.0,13.418476756179992,22.454022857749568,8526.310502189077,149.8488061656201,325.0,60.33866332594603,100.0,gio,hungaroring,2020
122.93419899876307,48.0,13.007576765088874,26.832994742251543,8585.665200583757,154.8118670471778,323.0,58.988292238200444,100.0,gio,hungaroring,2021
120.83740250556986,0.0,20.6834118381287,21.299638253751397,8178.972167053802,154.13188247064474,333.0,61.918315162057155,100.0,gio,interlagos,2019
120.83740250556986,0.0,20.6834118381287,21.299638253751397,8178.972167053802,154.13188247064474,333.0,61.918315162057155,100.0,gio,interlagos,2021
160.66381968934036,60.0,52.671700454446814,5.803555078448109,9695.105477306972,192.37792039927393,349.0,69.21123193363985,100.0,gio,monza,2019
160.66381968934036,60.0,52.671700454446814,5.803555078448109,9695.105477306972,192.37792039927393,349.0,69.21123193363985,100.0,gio,monza,2020
161.79758650507202,58.0,46.735376988653165,11.400248515981648,9546.810126217719,196.48692949333827,356.5,69.94458123045115,100.0,gio,monza,2021
190.1624735552867,46.0,55.06859720685638,26.850045448210842,9992.168503072706,167.5996704555104,318.0,58.74688540459977,100.0,gio,nurburgring,2020
138.28250755189194,50.0,21.84761222952317,17.504435462056744,8532.178391684372,169.4643606940072,329.0,65.21756675406544,100.0,gio,red_bull_ring,2019
138.28250755189194,50.0,21.84761222952317,17.504435462056744,8532.178391684372,169.4643606940072,329.0,65.21756675406544,100.0,gio,red_bull_ring,2020
136.56750925550585,46.0,28.188956198522973,14.512739516644046,8640.759193907332,169.0015068030019,328.0,62.8195563505812,100.0,gio,red_bull_ring,2021
175.6111909745596,26.0,38.763000341644116,35.991568362975876,9178.812629386586,156.4756879217782,352.0,44.64486988741043,100.0,gio,rodriguez,2019
175.6111909745596,26.0,38.763000341644116,35.991568362975876,9178.812629386586,156.4756879217782,352.0,44.64486988741043,100.0,gio,rodriguez,2021
135.0132973857607,64.0,36.43089030571297,16.270449773705884,8673.231483986958,140.14904533352268,306.0,41.24790167880623,100.0,gio,shanghai,2019
152.94604686957004,53.0,18.99118594758506,27.45712762107022,8723.133576243785,183.62815483350093,336.0,67.61999130691099,100.0,gio,silverstone,2019
152.94604686957004,53.0,18.99118594758506,27.45712762107022,8723.133576243785,183.62815483350093,336.0,67.61999130691099,100.0,gio,silverstone,2020
153.35169414902995,46.5,24.669213332724254,23.39153447078932,8824.634731254746,183.47892288348885,326.0,68.12451782029812,100.0,gio,silverstone,2021
142.58781821888928,59.0,18.097109611346443,43.85794215305699,8609.457906245509,152.47566048237593,333.0,54.88988326383786,100.0,gio,sochi,2019
142.58781821888928,59.0,18.097109611346443,43.85794215305699,8609.457906245509,152.47566048237593,333.0,54.88988326383786,100.0,gio,sochi,2020
139.73088152128923,59.0,16.447168133993937,46.08587178007891,8623.065275320409,147.94667363145194,330.0,53.55146775519022,100.0,gio,sochi,2021
164.06390362925825,56.0,47.484682487071204,8.907565513054259,9683.429791784545,174.26584391916032,339.0,56.84022036455412,100.0,gio,spa,2019
164.06390362925825,56.0,47.484682487071204,8.907565513054259,9683.429791784545,174.26584391916032,339.0,56.84022036455412,100.0,gio,spa,2020
157.59576733617115,45.5,43.28865509260781,10.63632044939305,9499.586863707662,171.35930600974365,337.0,57.630639158079845,100.0,gio,spa,2021
153.16751518717714,39.0,37.41095027499098,12.374181431480684,9088.499543698763,162.18418020506056,335.0,66.07707707916451,100.0,gio,suzuka,2019
115.29440764422475,47.0,32.75618347113556,13.825686173764547,8503.06824710098,162.29941640104508,334.0,51.87691242918325,100.0,gio,villeneuve,2019
111.55759197457311,47.0,25.512001215979744,22.827641227680253,8348.312666379816,138.6823760833818,326.0,50.476173187753886,100.0,gio,yas_marina,2019
111.55759197457311,47.0,25.512001215979744,22.827641227680253,8348.312666379816,138.6823760833818,326.0,50.476173187753886,100.0,gio,yas_marina,2020
109.95280749133086,45.5,19.928287947000968,28.195223660681517,8156.3802575981335,135.77320971162672,326.5,48.823526616889,100.0,gio,yas_marina,2021
133.4454587912175,23.0,54.33351645912111,5.92669734146013,9216.43789960585,145.01181274503503,319.0,46.053706590014386,100.0,gio,zandvoort,2021
156.0456996046076,31.0,33.548869113747415,18.492699825100615,9301.322449441264,170.32324559896333,318.0,56.45128534676048,100.0,gro,albert_park,2018
156.0456996046076,31.0,33.548869113747415,18.492699825100615,9301.322449441264,170.32324559896333,318.0,56.45128534676048,100.0,gro,albert_park,2019
130.58254077515662,50.0,11.484846517360268,38.803722169921066,8339.868767752825,151.6598148924801,321.0,45.782559470600624,100.0,gro,americas,2018
130.58254077515662,50.0,11.484846517360268,38.803722169921066,8339.868767752825,151.6598148924801,321.0,45.782559470600624,100.0,gro,americas,2019
128.56120095551643,50.0,23.36002088403891,24.5725125534994,8440.637007894442,176.54371092010584,327.0,50.040825451525876,100.0,gro,bahrain,2018
128.56120095551643,50.0,23.36002088403891,24.5725125534994,8440.637007894442,176.54371092010584,327.0,50.040825451525876,100.0,gro,bahrain,2019
125.99005022107403,41.0,21.170871876202646,23.441704108339447,8320.977450752576,170.08870921923838,325.5,52.33688545968169,100.0,gro,bahrain,2020
136.00523002665247,48.0,10.758481260301993,47.17027055240292,8911.503931075633,152.4773570379936,325.0,52.19229260205126,100.0,gro,catalunya,2018
136.00523002665247,48.0,10.758481260301993,47.17027055240292,8911.503931075633,152.4773570379936,325.0,52.19229260205126,100.0,gro,catalunya,2019
133.78271563826388,38.5,13.381810210540664,40.576447948477714,8769.599397685037,151.72931303418065,323.5,54.105349564698976,100.0,gro,catalunya,2020
138.51121388876462,48.0,24.561276282669837,23.121585741224997,8720.146541573755,150.88283364577126,324.0,47.47625443463033,100.0,gro,hockenheimring,2018
138.51121388876462,48.0,24.561276282669837,23.121585741224997,8720.146541573755,150.88283364577126,324.0,47.47625443463033,100.0,gro,hockenheimring,2019
115.66400280618141,29.0,4.700127601469486,48.469039894511056,8134.526167546863,135.54306107057658,321.0,42.00520017502887,100.0,gro,hungaroring,2018
115.66400280618141,29.0,4.700127601469486,48.469039894511056,8134.526167546863,135.54306107057658,321.0,42.00520017502887,100.0,gro,hungaroring,2019
118.60848236282995,33.0,7.723858936989944,37.35669723697957,8091.712406558117,141.72536555525423,322.5,45.58828475278034,100.0,gro,hungaroring,2020
128.98336014461657,27.0,11.252479976433285,32.03469097515798,8297.552137489045,151.6724811353944,334.0,53.84872962161049,100.0,gro,interlagos,2018
128.98336014461657,27.0,11.252479976433285,32.03469097515798,8297.552137489045,151.6724811353944,334.0,53.84872962161049,100.0,gro,interlagos,2019
160.73158157115358,52.0,32.31125036203186,19.220208369916193,9322.289097879151,192.1343680160941,342.0,62.36148726539053,100.0,gro,monza,2018
160.73158157115358,52.0,32.31125036203186,19.220208369916193,9322.289097879151,192.1343680160941,342.0,62.36148726539053,100.0,gro,monza,2019
168.27674376075154,51.0,42.545169979255135,10.896680487782719,9562.851612423756,206.84811858167626,344.5,62.596032103346886,100.0,gro,monza,2020
193.2276220772095,36.0,52.682832551037265,26.737934539249427,9869.910337031251,173.0215324534389,313.0,54.40629414341074,100.0,gro,nurburgring,2020
143.22722796279533,53.0,16.791112141361307,24.59072235850811,8813.822698137714,166.77271518833567,327.0,56.64084790290235,100.0,gro,red_bull_ring,2018
143.22722796279533,53.0,16.791112141361307,24.59072235850811,8813.822698137714,166.77271518833567,327.0,56.64084790290235,100.0,gro,red_bull_ring,2019
141.54678297899167,51.5,16.931941579142862,23.892216970538612,8691.273405829166,169.1974478677929,323.5,57.870914124788186,100.0,gro,red_bull_ring,2020
181.10209882665922,49.0,35.48153790968096,38.611105051378004,9387.741087955452,160.49243547189002,350.0,35.05425077591846,100.0,gro,rodriguez,2018
181.10209882665922,49.0,35.48153790968096,38.611105051378004,9387.741087955452,160.49243547189002,350.0,35.05425077591846,100.0,gro,rodriguez,2019
136.13343778389998,66.0,11.235500585435718,43.19089374701574,8470.700755849906,150.23612558175478,331.0,47.73371269750684,100.0,gro,shanghai,2018
136.13343778389998,66.0,11.235500585435718,43.19089374701574,8470.700755849906,150.23612558175478,331.0,47.73371269750684,100.0,gro,shanghai,2019
145.05035486138965,33.0,13.763053563451525,38.55947715805371,8744.759448025738,152.64699241782682,323.0,54.01753377711015,100.0,gro,silverstone,2018
145.05035486138965,33.0,13.763053563451525,38.55947715805371,8744.759448025738,152.64699241782682,323.0,54.01753377711015,100.0,gro,silverstone,2019
147.8456190584788,47.5,15.549139941811445,34.648467762975464,8914.754275442054,166.08249117396366,326.5,57.39068028753705,100.0,gro,silverstone,2020
134.5014520478442,32.0,8.871361079149775,58.98111325984962,8780.989915118535,140.83740546273125,326.0,40.70431893183149,100.0,gro,sochi,2018
134.5014520478442,32.0,8.871361079149775,58.98111325984962,8780.989915118535,140.83740546273125,326.0,40.70431893183149,100.0,gro,sochi,2019
137.6762563899954,39.0,10.640442508559179,59.12843725518354,8792.83111994262,140.76464464666668,329.0,41.553241378213684,100.0,gro,sochi,2020
152.4048723919711,46.0,26.453682285355075,18.104012517397823,9016.361199464649,174.2389952897784,336.0,52.889587397437175,100.0,gro,spa,2018
152.4048723919711,46.0,26.453682285355075,18.104012517397823,9016.361199464649,174.2389952897784,336.0,52.889587397437175,100.0,gro,spa,2019
147.16122645482835,23.0,30.85304452251713,16.882843283835953,8599.004464609827,169.6147540901327,339.5,48.045528482552186,100.0,gro,spa,2020
155.96092648329355,60.0,18.80147241139631,27.15288401136799,8802.263099567903,166.03405383200675,320.0,49.146346566664164,100.0,gro,suzuka,2018
155.96092648329355,60.0,18.80147241139631,27.15288401136799,8802.263099567903,166.03405383200675,320.0,49.146346566664164,100.0,gro,suzuka,2019
112.26781406987597,42.0,23.573017713946882,16.202854923044164,8269.071878892679,157.53703885322608,331.0,46.87536148296994,100.0,gro,villeneuve,2019
114.25248574986446,42.0,10.331449723632687,44.868257909676004,7968.619437588661,133.33676202157363,331.0,37.100216836567874,100.0,gro,yas_marina,2018
114.25248574986446,42.0,10.331449723632687,44.868257909676004,7968.619437588661,133.33676202157363,331.0,37.100216836567874,100.0,gro,yas_marina,2019
144.8022089887528,42.0,25.099565548139296,24.640308506408854,8894.576544262094,164.63742866000004,320.0,56.59650456345476,100.0,ham,albert_park,2018
144.8022089887528,42.0,25.099565548139296,24.640308506408854,8894.576544262094,164.63742866000004,320.0,56.59650456345476,100.0,ham,albert_park,2019
143.32458128559023,34.5,32.7559120044859,18.473831791825884,8897.92764701676,166.24878561104305,320.5,58.80805103593541,100.0,ham,albert_park,2022
128.78028990701958,45.0,19.1461512364512,32.32354760887006,7843.876116223127,148.61441686525905,326.0,55.89726866704058,100.0,ham,americas,2018
128.78028990701958,45.0,19.1461512364512,32.32354760887006,7843.876116223127,148.61441686525905,326.0,55.89726866704058,100.0,ham,americas,2019
129.78201898704714,27.5,21.345628551977605,34.67587591094237,8010.063210049202,151.97527753532583,325.0,57.27544353081855,100.0,ham,americas,2021
126.99274584522193,35.333333333333336,23.218930366467493,31.225103723733444,8115.779066505415,149.83707704490217,324.6666666666667,56.39485272180699,100.0,ham,americas,2022
128.83015136340046,45.0,21.365368389691703,31.30769522569731,8222.306732994837,161.06864871971186,327.0,57.04693327556594,100.0,ham,bahrain,2018
128.83015136340046,45.0,21.365368389691703,31.30769522569731,8222.306732994837,161.06864871971186,327.0,57.04693327556594,100.0,ham,bahrain,2019
127.9669652762274,46.5,26.017955530125768,25.570711966245515,8188.650263887586,162.5913146975476,326.0,59.3851753594076,100.0,ham,bahrain,2020
124.81813817422722,44.0,24.956611717336415,23.99304043858667,7947.596711164322,159.0572174482262,324.6666666666667,57.78652939773023,100.0,ham,bahrain,2021
123.80237610102944,43.75,22.99278514965966,26.526815078845157,7857.67134119949,157.78461299154804,322.5,58.22014205426916,100.0,ham,bahrain,2022
137.33371394926647,41.0,18.927651736547674,40.50529144825738,8677.98468952132,155.39792639789704,325.0,63.26653734336935,100.0,ham,catalunya,2018
137.33371394926647,41.0,18.927651736547674,40.50529144825738,8677.98468952132,155.39792639789704,325.0,63.26653734336935,100.0,ham,catalunya,2019
132.54246204487575,37.5,21.478132557630598,34.796591932160354,8435.084935189174,151.41398997781164,323.5,60.63115837770522,100.0,ham,catalunya,2020
128.0893545702162,31.666666666666668,18.22450411033176,35.16375155818748,8133.2913111589705,145.56634209470045,322.3333333333333,57.89973826724662,100.0,ham,catalunya,2021
131.85799802409716,30.5,18.756372121939776,38.21245136429865,8171.911766365839,144.809272431245,321.75,57.04531484678094,100.0,ham,catalunya,2022
123.3410475040588,43.0,23.551212384721094,25.689013304551498,7822.447217604171,149.99601475211455,320.0,50.044591395838744,100.0,ham,hockenheimring,2018
123.3410475040588,43.0,23.551212384721094,25.689013304551498,7822.447217604171,149.99601475211455,320.0,50.044591395838744,100.0,ham,hockenheimring,2019
116.25213610034413,32.0,12.765825969297735,46.28404355160617,7615.783947285103,137.4787315407818,330.0,53.220968625991915,100.0,ham,hungaroring,2018
116.25213610034413,32.0,12.765825969297735,46.28404355160617,7615.783947285103,137.4787315407818,330.0,53.220968625991915,100.0,ham,hungaroring,2019
118.26792904864277,40.0,14.037310768892851,34.21153575720264,7694.781158657276,140.80936642504378,326.5,53.93589981829824,100.0,ham,hungaroring,2020
124.18200386369976,36.0,13.361691051242403,36.77843462672427,7910.778191751883,145.16027250713154,324.6666666666667,56.435646748189036,100.0,ham,hungaroring,2021
122.1154482741758,35.25,13.192742773722703,34.83313035025166,7759.575095195775,141.7713549455583,322.75,54.579112146409074,100.0,ham,hungaroring,2022
124.27820660579516,55.0,18.034546845642843,30.090566146152362,8048.094029704075,146.92512029733345,339.0,58.61827059689113,100.0,ham,interlagos,2018
124.27820660579516,55.0,18.034546845642843,30.090566146152362,8048.094029704075,146.92512029733345,339.0,58.61827059689113,100.0,ham,interlagos,2019
122.09145248527496,51.0,18.960200784686766,25.922771524074065,7905.19675634464,148.212234068971,334.5,59.61428332407357,100.0,ham,interlagos,2021
120.88943092505787,43.666666666666664,17.28097340300769,27.172497961739356,7927.8087915216265,145.7536640133588,332.3333333333333,57.86106890873784,100.0,ham,interlagos,2022
168.06825621779933,46.0,41.45874979522013,14.756259314912505,9340.922475979754,199.71531895808093,346.0,70.13857376029652,100.0,ham,monza,2018
168.06825621779933,46.0,41.45874979522013,14.756259314912505,9340.922475979754,199.71531895808093,346.0,70.13857376029652,100.0,ham,monza,2019
167.2602611248514,36.0,46.490982440036035,11.248766917017223,9317.181012609713,195.5881279799459,345.5,67.72737450905237,100.0,ham,monza,2020
163.20013609217543,41.0,41.64500574828269,14.939870610952871,9008.548358519463,192.82596342965292,344.6666666666667,66.71153539934308,100.0,ham,monza,2021
160.00616446511657,41.75,42.14216452227952,14.522888641354445,9005.114716278016,190.8447497204337,343.0,66.90647662437911,100.0,ham,monza,2022
169.34117602664497,0.0,51.5854474581378,29.902276547622314,8949.524401499519,159.97980091315077,321.0,56.23432591025165,100.0,ham,nurburgring,2020
146.59121522308106,48.0,28.00983998411254,21.070672588458255,8596.504845417468,181.01360816501784,328.0,66.57107000752137,100.0,ham,red_bull_ring,2018
146.59121522308106,48.0,28.00983998411254,21.070672588458255,8596.504845417468,181.01360816501784,328.0,66.57107000752137,100.0,ham,red_bull_ring,2019
147.84993596349045,52.0,25.85271996460316,22.093688552059525,8517.868480725665,179.00034782556926,327.5,65.8218127995878,100.0,ham,red_bull_ring,2020
146.8758473271397,49.0,27.795787837737933,20.035545031286485,8461.688304159461,178.92275522370502,327.3333333333333,65.58526058011815,100.0,ham,red_bull_ring,2021
146.51361365448815,47.75,28.783454202403753,19.804999854356126,8385.443081686388,176.76067298894145,325.0,65.74683030514106,100.0,ham,red_bull_ring,2022
192.47824138593774,34.0,38.51178945411675,31.859842761787565,9144.794665288462,164.34405466223123,350.0,45.20178613086599,100.0,ham,rodriguez,2018
192.47824138593774,34.0,38.51178945411675,31.859842761787565,9144.794665288462,164.34405466223123,350.0,45.20178613086599,100.0,ham,rodriguez,2019
188.4128739199482,39.0,37.77092398246495,33.10993086712517,9107.792372929554,163.8258878305893,351.0,45.03604372069913,100.0,ham,rodriguez,2021
180.02429540738902,33.0,36.76588287818202,33.30897584698439,9022.045665656575,154.69516555684334,351.0,45.29071657250491,100.0,ham,rodriguez,2022
139.19027016853767,37.0,21.60685550579664,41.79352674678028,8790.907053905836,158.86856174468656,330.0,59.55720360103061,100.0,ham,shanghai,2018
139.19027016853767,37.0,21.60685550579664,41.79352674678028,8790.907053905836,158.86856174468656,330.0,59.55720360103061,100.0,ham,shanghai,2019
139.69592259820897,0.0,25.77697346903174,33.35898010083763,7804.313133136066,160.8220615183737,324.0,65.07663452754552,100.0,ham,silverstone,2018
139.69592259820897,0.0,25.77697346903174,33.35898010083763,7804.313133136066,160.8220615183737,324.0,65.07663452754552,100.0,ham,silverstone,2019
150.3640620139468,23.0,26.611363190387173,30.109576655316904,8371.987256832648,172.19328224118803,327.0,66.92984193614001,100.0,ham,silverstone,2020
149.27406301474883,30.333333333333332,25.673398745635193,28.310527439865115,8367.736946384868,171.39598587319975,325.0,65.06023159894234,100.0,ham,silverstone,2021
146.3787286802162,27.25,23.745020224896635,27.974954747644215,8228.75327734773,169.90178163097414,326.75,63.41238406785719,100.0,ham,silverstone,2022
135.00480538163663,29.0,13.11434855004218,49.042214506790515,8053.513509228738,143.22942284927063,330.0,51.12472664294546,100.0,ham,sochi,2018
135.00480538163663,29.0,13.11434855004218,49.042214506790515,8053.513509228738,143.22942284927063,330.0,51.12472664294546,100.0,ham,sochi,2019
140.64619047115008,27.5,15.542587244894424,52.40910641763722,8373.35505866993,143.77548185300566,328.5,55.57318803851952,100.0,ham,sochi,2020
139.69220302149986,30.333333333333332,14.38021510473129,53.21930750243275,8290.932852023272,144.04066144326572,332.3333333333333,53.820425412197665,100.0,ham,sochi,2021
156.3890559111963,34.0,37.84373632691015,16.45633368856743,8971.176099122045,177.9436941712794,340.0,62.63388955707293,100.0,ham,spa,2018
156.3890559111963,34.0,37.84373632691015,16.45633368856743,8971.176099122045,177.9436941712794,340.0,62.63388955707293,100.0,ham,spa,2019
154.25077500813217,31.0,39.82329158363966,12.963799352511707,8914.083246723736,173.51216835304203,337.5,59.16955078876663,100.0,ham,spa,2020
154.47257732524307,36.666666666666664,38.7238342439368,11.620107479192086,8856.811208602963,173.75015882799576,335.0,59.084339547145454,100.0,ham,spa,2021
149.02666284517534,30.25,38.67443862613715,13.636911354805882,8612.990539650938,169.8895135503363,331.75,58.569105091091615,100.0,ham,spa,2022
149.22534670791038,32.0,26.908544376266963,20.974072357032107,8555.006965731127,161.66983785264756,327.0,56.823131862276526,100.0,ham,suzuka,2018
149.22534670791038,32.0,26.908544376266963,20.974072357032107,8555.006965731127,161.66983785264756,327.0,56.823131862276526,100.0,ham,suzuka,2019
147.55589466715176,41.0,31.110744764949928,19.780505073159127,8570.724055849558,159.56782230056595,329.0,58.467652774438754,100.0,ham,suzuka,2022
124.65638536423229,29.0,26.819302794391653,36.82640707354006,8404.945220635527,172.58728451610193,328.0,62.51520082216694,100.0,ham,villeneuve,2018
124.65638536423229,29.0,26.819302794391653,36.82640707354006,8404.945220635527,172.58728451610193,328.0,62.51520082216694,100.0,ham,villeneuve,2019
122.90437760592854,32.5,32.95554030103018,27.31963950837717,8395.616267904834,168.30748048496926,329.0,58.924382477948996,100.0,ham,villeneuve,2022
107.49130900749228,33.0,15.136395161813084,34.982498439983026,7320.535332009287,130.49902656730268,326.0,45.45065520400436,100.0,ham,yas_marina,2018
107.49130900749228,33.0,15.136395161813084,34.982498439983026,7320.535332009287,130.49902656730268,326.0,45.45065520400436,100.0,ham,yas_marina,2019
110.51922018839954,37.5,18.124591418820543,34.56660115171108,7622.817895652136,133.90055644535863,324.5,46.98425078752445,100.0,ham,yas_marina,2020
111.81264534046225,34.0,17.651416153781145,36.83252128753694,7615.821081928127,134.6643361719163,325.0,47.754795724673585,100.0,ham,yas_marina,2021
123.952645485835,34.0,25.688585229923824,33.05330215580589,8057.190758800509,142.05688354174924,324.5,49.12978015313408,100.0,ham,yas_marina,2022
134.95605566877805,48.0,51.18936655718689,7.513947487325331,8716.526996186381,121.01953029043752,316.0,47.55402343720596,100.0,ham,zandvoort,2021
134.95605566877805,48.0,51.18936655718689,7.513947487325331,8716.526996186381,121.01953029043752,316.0,47.55402343720596,100.0,ham,zandvoort,2022
127.53584443434943,41.0,18.419156704656473,28.879276786149582,7664.108515591059,154.54722946116928,322.0,50.263743523231255,100.0,hamilton,austin,2023
148.38347796982893,54.0,33.82426880512028,27.308348347637942,8805.443604517493,152.85344042445632,338.0,61.4038343987698,100.0,hamilton,barcelona,2023
113.3909714803832,19.0,15.92250022861785,28.99321280913263,7639.295622327957,134.91481016263575,315.0,50.54541475276726,100.0,hamilton,budapest,2023
175.97963281600903,39.0,63.41599274720033,6.988546046530127,9818.42735973076,189.8669388447691,325.0,66.5687740737065,100.0,hamilton,melbourne,2023
179.24071920381525,28.0,35.809136229508816,33.035948769681205,9015.621171677765,154.5342716426878,345.0,40.407831778914876,100.0,hamilton,mexico_city,2023
98.31564167315895,29.0,25.281255181723978,14.77568075336322,7292.628265995882,143.2760159552347,325.0,47.15462248488516,100.0,hamilton,montréal,2023
153.51448964714356,52.0,41.78410445780359,14.183998188098723,8709.613828983467,190.202341022638,342.0,65.75337369306061,100.0,hamilton,monza,2023
119.87990364699981,45.0,29.211760407873378,20.968772772624394,7901.113242409902,158.42715754746385,325.0,57.07364344095706,100.0,hamilton,sakhir,2023
138.57763009675458,31.0,22.31621118923236,34.1015011301592,8180.50261904386,165.1156054119219,323.0,62.04559447747489,100.0,hamilton,silverstone,2023
138.24415432367599,0.0,36.7761721929279,14.419301546645535,8280.134253081162,169.33229696469382,334.0,59.230238430125674,100.0,hamilton,spa_francorchamps,2023
132.30844282441473,36.0,28.787781554034485,14.667494185058588,8365.423862134916,162.40068964566353,325.0,57.43139597701088,100.0,hamilton,spielberg,2023
154.5453524677776,63.0,28.037540990454215,16.63121281723075,8627.625933587271,172.6684413700323,326.0,57.736963397464415,100.0,hamilton,suzuka,2023
112.40289180313962,23.0,10.125197485901463,27.887271223787106,7249.155529679754,142.9227629347693,328.0,47.989804790699495,100.0,hamilton,são_paulo,2023
118.22349672039616,39.0,46.212115401360094,4.5848278569479755,8091.930925672328,143.4678958132149,301.0,43.8714835283628,100.0,hamilton,zandvoort,2023
141.81229940842866,45.0,33.56952252676444,9.613347448863989,8613.312963847802,169.29668680011466,317.0,60.60022116953911,100.0,har,albert_park,2018
130.43015771457058,46.0,18.61733659746089,29.061531696856356,7998.558314719561,155.88631010556,323.0,56.792945203320265,100.0,har,americas,2018
125.07354477935864,43.0,24.06577799086394,17.76176575275155,8035.6151213440635,161.304931875417,323.0,58.88432316059118,100.0,har,bahrain,2018
140.905780340209,54.0,28.944542310020715,18.736363325756436,8829.331008053276,165.02756366190485,318.0,61.86851882683148,100.0,har,hockenheimring,2018
118.77977631939582,45.0,8.270114973731507,36.917879659346596,7935.795557892516,135.24651818727665,323.0,48.93177105947187,100.0,har,hungaroring,2018
127.40793087476972,59.0,15.574837811250958,26.908761786153132,8359.081667999959,157.61537262685997,323.0,59.824387958392045,100.0,har,interlagos,2018
164.1676437109713,49.0,39.51433859885285,15.464230452185056,9112.307810388615,212.1634049194002,339.0,72.44417119853911,100.0,har,monza,2018
142.84848401658854,55.0,22.857243475224493,17.72272305587366,8456.256063297556,179.68826448648448,324.0,64.36582727585176,100.0,har,red_bull_ring,2018
178.18787095200105,29.0,37.553089082040486,25.97617886870728,9086.354446729641,154.16754014249014,347.0,40.76524665883631,100.0,har,rodriguez,2018
142.68931011361943,67.0,11.789667617308782,35.554461461382544,8069.2956641125675,151.61092931362163,328.0,51.34893260364246,100.0,har,shanghai,2018
136.40794550592372,29.0,11.99761321433819,46.128171291950736,8401.606182163094,143.5223253005006,325.0,51.05762901914727,100.0,har,sochi,2018
158.61471981581533,0.0,38.294094476548196,9.803328883517672,9201.62077793075,183.49548622080698,333.0,64.13403941541877,100.0,har,spa,2018
141.94474457927646,53.0,19.96662667400181,26.21399011587057,8605.657813729043,155.17187347773225,319.0,50.551379113247684,100.0,har,suzuka,2018
114.14736965103657,48.0,24.10323065956606,15.092153433470946,7979.3340637668225,166.09409266672128,329.0,53.57821760649719,100.0,har,villeneuve,2018
109.49658272471983,51.0,13.756540118875904,29.39241529941696,7973.352188540364,131.5715463577472,331.0,41.07062869460669,100.0,har,yas_marina,2018
144.65359801412941,36.0,28.738953304212977,21.55598007230173,8826.158438835442,167.31566669555664,312.0,60.16939867414534,100.0,hul,albert_park,2018
144.65359801412941,36.0,28.738953304212977,21.55598007230173,8826.158438835442,167.31566669555664,312.0,60.16939867414534,100.0,hul,albert_park,2019
123.42181210633785,53.0,18.4298164602925,24.30634587543221,7954.458577377468,151.31731035050586,319.0,48.983684279072186,100.0,hul,americas,2018
123.42181210633785,53.0,18.4298164602925,24.30634587543221,7954.458577377468,151.31731035050586,319.0,48.983684279072186,100.0,hul,americas,2019
128.76444612560556,48.0,23.840104551742595,22.83437547632715,8461.49770320481,162.66316846918482,321.0,55.100978668986414,100.0,hul,bahrain,2018
128.76444612560556,48.0,23.840104551742595,22.83437547632715,8461.49770320481,162.66316846918482,321.0,55.100978668986414,100.0,hul,bahrain,2019
127.6931560458579,40.0,30.570692950356026,17.936463047197922,8372.329459355871,165.72475491323948,323.0,55.77456736383506,100.0,hul,bahrain,2022
137.54888731151212,69.0,23.45216452477322,30.410175530948475,8782.517579281606,146.12195624304871,313.0,54.01865976265996,100.0,hul,catalunya,2018
137.54888731151212,69.0,23.45216452477322,30.410175530948475,8782.517579281606,146.12195624304871,313.0,54.01865976265996,100.0,hul,catalunya,2019
131.216092755643,45.0,28.110905469682223,15.75946555620546,8527.974650221271,153.0444029551993,322.0,53.02341756949585,100.0,hul,hockenheimring,2018
131.216092755643,45.0,28.110905469682223,15.75946555620546,8527.974650221271,153.0444029551993,322.0,53.02341756949585,100.0,hul,hockenheimring,2019
118.83054329240356,52.0,5.996898710103305,43.192284091237624,7932.404811167847,141.12321980397817,317.0,44.2832406531762,100.0,hul,hungaroring,2018
118.83054329240356,52.0,5.996898710103305,43.192284091237624,7932.404811167847,141.12321980397817,317.0,44.2832406531762,100.0,hul,hungaroring,2019
117.8806537077177,40.0,14.382729427426169,24.517453053874203,7890.06049387218,146.3554119959421,326.0,47.04180983374651,100.0,hul,interlagos,2018
117.8806537077177,40.0,14.382729427426169,24.517453053874203,7890.06049387218,146.3554119959421,326.0,47.04180983374651,100.0,hul,interlagos,2019
160.70212806244427,55.0,39.827031826391135,19.166164192626766,8923.730404679776,190.66383573476892,337.0,63.14167806412703,100.0,hul,monza,2018
160.70212806244427,55.0,39.827031826391135,19.166164192626766,8923.730404679776,190.66383573476892,337.0,63.14167806412703,100.0,hul,monza,2019
186.366287472091,58.0,46.50831381945778,27.186004591872695,9949.826861299303,168.00690084545775,322.0,50.67837372950114,100.0,hul,nurburgring,2020
143.8794367102555,54.0,22.557274462455897,20.444823455120247,8437.528936850033,175.6695704873556,324.0,55.94654859644183,100.0,hul,red_bull_ring,2018
143.8794367102555,54.0,22.557274462455897,20.444823455120247,8437.528936850033,175.6695704873556,324.0,55.94654859644183,100.0,hul,red_bull_ring,2019
178.67125048721394,40.0,29.62796564543596,36.067374760891354,8986.247322704863,153.97245796954755,344.0,30.672944136157856,100.0,hul,rodriguez,2018
178.67125048721394,40.0,29.62796564543596,36.067374760891354,8986.247322704863,153.97245796954755,344.0,30.672944136157856,100.0,hul,rodriguez,2019
132.45734846448988,67.0,16.20251110750315,36.81804746256133,8541.640417612143,146.83010377490464,326.0,47.444821129956324,100.0,hul,shanghai,2018
132.45734846448988,67.0,16.20251110750315,36.81804746256133,8541.640417612143,146.83010377490464,326.0,47.444821129956324,100.0,hul,shanghai,2019
148.84850992528064,61.0,12.413608030318247,28.56781891125666,8439.86592359925,168.0362525442271,320.0,56.182900267172535,100.0,hul,silverstone,2018
148.84850992528064,61.0,12.413608030318247,28.56781891125666,8439.86592359925,168.0362525442271,320.0,56.182900267172535,100.0,hul,silverstone,2019
150.1627299664777,65.5,15.613094592873345,25.828621512352257,8549.457919348864,173.51635929919576,329.0,57.27080438381702,100.0,hul,silverstone,2020
142.82299863329482,57.0,19.123745466963076,47.135678803497484,8617.61834879236,152.44120525884182,320.0,51.6048439211634,100.0,hul,sochi,2018
142.82299863329482,57.0,19.123745466963076,47.135678803497484,8617.61834879236,152.44120525884182,320.0,51.6048439211634,100.0,hul,sochi,2019
164.85260961901008,62.0,32.69434274154913,17.652225381546696,8830.373673014934,189.06858377058253,329.0,57.46879794821572,100.0,hul,spa,2018
164.85260961901008,62.0,32.69434274154913,17.652225381546696,8830.373673014934,189.06858377058253,329.0,57.46879794821572,100.0,hul,spa,2019
160.14334106686823,65.0,25.74741739287133,15.059190356248035,8695.152450612251,166.36476200220406,311.0,46.75670875577478,100.0,hul,suzuka,2018
160.14334106686823,65.0,25.74741739287133,15.059190356248035,8695.152450612251,166.36476200220406,311.0,46.75670875577478,100.0,hul,suzuka,2019
113.42152814399142,41.0,22.755488936636734,23.679170123752485,8032.883129608806,159.76451778325782,329.0,47.12154187376235,100.0,hul,villeneuve,2018
113.42152814399142,41.0,22.755488936636734,23.679170123752485,8032.883129608806,159.76451778325782,329.0,47.12154187376235,100.0,hul,villeneuve,2019
106.70345594329184,43.0,12.331558404130796,32.69826556782226,7589.575079539763,131.8852221924014,329.0,39.96839230210551,100.0,hul,yas_marina,2018
106.70345594329184,43.0,12.331558404130796,32.69826556782226,7589.575079539763,131.8852221924014,329.0,39.96839230210551,100.0,hul,yas_marina,2019
129.67814659685908,58.0,19.001989354838507,28.19078633377952,8280.955051947945,158.06784409092765,329.0,49.604298480090335,100.0,hulkenberg,austin,2023
145.67995166687575,0.0,32.30283645093137,29.688016990034743,8895.845650625399,158.55151671812544,335.0,60.697682794600134,100.0,hulkenberg,barcelona,2023
117.14948510966413,30.0,9.877149090853827,28.59990089937484,8046.496097536724,140.7297476517694,320.0,49.10192685017345,100.0,hulkenberg,budapest,2023
171.90486805291192,14.0,50.33951497576317,4.613714929236332,9069.241653102483,190.06346205995638,328.0,63.75021646139674,100.0,hulkenberg,melbourne,2023
182.44010996216429,48.0,41.22951174875007,31.21499062870444,9674.029385366786,162.13213633982195,353.0,44.49834980887079,100.0,hulkenberg,mexico_city,2023
101.59495077717152,42.0,22.87844065860106,20.360617761080114,7596.2228899493875,150.81037762813574,330.0,46.47201383700834,100.0,hulkenberg,montréal,2023
162.60882512978753,58.0,50.037128797182,7.991508878114578,9404.33901408206,197.17963130214312,344.0,68.31553552530808,100.0,hulkenberg,monza,2023
121.5725971648418,43.0,25.247366433024617,20.01531186105762,8212.584364346814,158.9154714838994,322.0,55.90872218500214,100.0,hulkenberg,sakhir,2023
146.00119521874115,31.0,17.949198799183286,32.48928194483149,8888.44551976425,156.96560425036932,305.0,60.56004528228971,100.0,hulkenberg,silverstone,2023
137.34340133203506,3.0,37.388500967602546,24.08682859710116,7944.26034568858,156.752723062074,313.0,51.9986796985589,100.0,hulkenberg,spa_francorchamps,2023
132.4176548283584,52.0,21.86405358047994,16.733713623377437,8273.705301820506,160.18007060994535,326.0,52.41007842758276,100.0,hulkenberg,spielberg,2023
163.9970694890743,60.0,31.696958400487308,14.41976180692237,9036.620917078691,182.69014980613585,333.0,54.76928020530457,100.0,hulkenberg,suzuka,2023
117.28414117875388,18.0,12.291926345387331,27.380286487296775,8108.615947008142,145.81049345618942,335.0,50.08064741171495,100.0,hulkenberg,são_paulo,2023
116.99197488693575,38.0,43.73550808247203,4.882792860734037,8575.040751201017,141.40006902826298,300.0,42.26426665268846,100.0,hulkenberg,zandvoort,2023
144.17272608050064,58.0,37.55452639996047,23.23100120178165,8776.53420558957,170.36860831149974,317.0,62.21532092383611,100.0,kub,albert_park,2019
131.07655670387342,57.0,21.84521893461165,24.731291945443193,8009.298656773066,162.99941716158733,324.0,57.35846737768443,100.0,kub,americas,2019
128.55120397723556,53.0,35.830153361595976,19.282809638549008,8547.694468894924,173.2141969079769,323.0,64.78726957807042,100.0,kub,bahrain,2019
134.61733649630568,70.0,23.439927923510872,36.17474102601139,8380.481440355692,155.24700596132095,317.0,59.52866755515979,100.0,kub,catalunya,2019
133.20016669406675,34.0,30.02509851058248,23.101088274486308,8491.949920688212,156.89840040426793,332.0,56.191609340500335,100.0,kub,hockenheimring,2019
120.36120656848486,58.0,18.492374666536644,22.005642326340364,7998.183588933093,146.37753329209187,321.0,51.4107223919777,100.0,kub,hungaroring,2019
116.2553835971837,34.0,23.64561599191284,21.267866234662307,7944.243768493392,150.46040361303477,327.0,56.11989758530718,100.0,kub,interlagos,2019
160.08582640858728,46.0,49.14422696001758,7.846556410341452,9041.200084328813,188.210526106573,343.0,61.74104246773905,100.0,kub,monza,2019
160.08582640858728,46.0,49.14422696001758,7.846556410341452,9041.200084328813,188.210526106573,343.0,61.74104246773905,100.0,kub,monza,2021
150.91053989367924,60.0,28.79935125720626,23.140271141694548,8804.964575070542,189.82260095165597,325.0,71.59556545074533,100.0,kub,red_bull_ring,2019
176.44501868531822,60.0,37.04771576023888,41.12860533677603,9255.573095150155,159.47369232709636,354.0,42.098135557874905,100.0,kub,rodriguez,2019
126.51393367848982,60.0,18.589110773871386,37.819534836076905,8281.739022558684,155.27635409183017,317.0,52.69812717772744,100.0,kub,shanghai,2019
152.80375165880807,37.0,22.209639089021394,21.74681464795595,8936.772277424512,185.8638389356256,331.0,63.54108666559622,100.0,kub,silverstone,2019
138.81494738208536,0.0,19.402765092564906,55.70748488067267,8841.486978637296,158.77118259569383,328.0,52.67152826039454,100.0,kub,sochi,2019
181.38957191798102,72.0,52.34183077023986,15.070510297783027,9820.589640410095,191.50865723032769,320.0,62.90183403472747,100.0,kub,spa,2019
112.43864758113895,48.0,33.420138625033104,14.135343702335526,8199.539116474965,164.9099920832814,329.0,49.87101334291573,100.0,kub,villeneuve,2019
108.69773785161071,52.0,25.488964100633964,19.61582656657043,7715.034589630842,135.4144424838192,329.0,45.77932635234187,100.0,kub,yas_marina,2019
130.28106950625062,39.0,49.301209226159116,6.313803299097416,9162.709497704389,145.25119368893206,315.0,41.22246077042871,100.0,kub,zandvoort,2021
132.79310252945348,43.0,31.506863349083652,12.278986337438177,9169.364940319898,160.88167394489705,324.0,56.41773449558574,100.0,kvy,albert_park,2019
125.65433542052993,27.0,18.663972657309884,23.087567424155086,8773.362991222824,154.79234433326704,330.0,56.56227666954802,100.0,kvy,americas,2019
125.40589704821282,42.0,27.840394282577364,20.481343831102016,9450.377735139586,172.1671401200499,325.0,65.15746915432179,100.0,kvy,bahrain,2019
125.40589704821282,42.0,27.840394282577364,20.481343831102016,9450.377735139586,172.1671401200499,325.0,65.15746915432179,100.0,kvy,bahrain,2020
124.89759856243444,38.0,20.22681425042143,22.04445927314662,8761.594964779528,154.6702547112158,325.0,61.33856273421613,100.0,kvy,catalunya,2019
124.89759856243444,38.0,20.22681425042143,22.04445927314662,8761.594964779528,154.6702547112158,325.0,61.33856273421613,100.0,kvy,catalunya,2020
129.8037506784528,44.0,28.173199200259226,17.006126062811042,9017.443894687041,148.12360442600715,331.0,56.672287506641716,100.0,kvy,hockenheimring,2019
116.84463616548636,36.0,15.039515444786584,18.769435530388268,8876.505802167174,141.71461548575942,323.0,52.23291962633213,100.0,kvy,hungaroring,2019
116.84463616548636,36.0,15.039515444786584,18.769435530388268,8876.505802167174,141.71461548575942,323.0,52.23291962633213,100.0,kvy,hungaroring,2020
123.09396349763695,30.0,21.677406541774797,21.316386704126206,9089.907317913303,160.0759217213462,330.0,62.982128855345245,100.0,kvy,interlagos,2019
159.52152280528887,42.0,48.340083209753814,6.176761620552668,9769.748860123174,192.9623072528082,345.0,66.21401346688648,100.0,kvy,monza,2019
159.52152280528887,42.0,48.340083209753814,6.176761620552668,9769.748860123174,192.9623072528082,345.0,66.21401346688648,100.0,kvy,monza,2020
190.39702843743925,35.0,53.75604900561176,23.570247570144875,10247.47478564524,166.5388638211714,317.0,58.875344785785316,100.0,kvy,nurburgring,2020
151.1044301763987,36.0,28.107897317983763,19.802289896628018,9207.428253754077,181.30082577062535,323.0,70.5476519401544,100.0,kvy,red_bull_ring,2019
151.1044301763987,36.0,28.107897317983763,19.802289896628018,9207.428253754077,181.30082577062535,323.0,70.5476519401544,100.0,kvy,red_bull_ring,2020
191.5974271616517,28.0,43.39603006580516,31.134761617967968,10158.528091724553,167.34442628743466,349.0,46.96849496458332,100.0,kvy,rodriguez,2019
123.31029660786969,60.0,15.363666298451173,30.176900852663422,8763.565305268556,144.56886930094663,325.0,49.394777564785215,100.0,kvy,shanghai,2019
153.06473666841651,35.0,22.426318869938825,21.971390449752764,9206.611751449867,187.15211922052538,334.0,63.81644695437108,100.0,kvy,silverstone,2019
153.06473666841651,35.0,22.426318869938825,21.971390449752764,9206.611751449867,187.15211922052538,334.0,63.81644695437108,100.0,kvy,silverstone,2020
133.42886421954708,26.0,14.110567613953572,46.2461882461115,8872.7781101233,133.86569173003227,331.0,44.050633117629076,100.0,kvy,sochi,2020
147.5845145327879,12.0,38.749016744127765,9.322873098430499,9572.676565482927,161.16277240333966,329.0,54.846276830975974,100.0,kvy,spa,2019
147.5845145327879,12.0,38.749016744127765,9.322873098430499,9572.676565482927,161.16277240333966,329.0,54.846276830975974,100.0,kvy,spa,2020
156.91423106980713,38.0,34.70249531389539,14.53740877821328,9460.608209605169,161.98212398910042,335.0,61.42407535044051,100.0,kvy,suzuka,2019
115.03045522942219,48.0,35.182397472218256,14.396608436433175,8992.463497426015,164.75451098650026,330.0,53.38027066972799,100.0,kvy,villeneuve,2019
106.24976652809907,35.0,21.320207422579152,24.462516598204022,8497.48035145987,133.4619357717095,328.0,47.562239701219276,100.0,kvy,yas_marina,2019
106.24976652809907,35.0,21.320207422579152,24.462516598204022,8497.48035145987,133.4619357717095,328.0,47.562239701219276,100.0,kvy,yas_marina,2020
157.94836981010602,23.0,51.392826223630664,5.399078215197226,9096.002761241643,157.70525592404536,319.0,54.03542359880669,100.0,lat,albert_park,2022
113.12970541150383,52.0,22.194619116617023,20.2906906350021,8229.099091953978,140.57492981286936,321.0,47.33817915581066,100.0,lat,americas,2021
113.12970541150383,52.0,22.194619116617023,20.2906906350021,8229.099091953978,140.57492981286936,321.0,47.33817915581066,100.0,lat,americas,2022
112.90060611468523,43.0,26.436815725796265,19.24952069816158,7707.8409618494115,151.44325135489237,325.0,54.91484145117244,100.0,lat,bahrain,2020
112.90060611468523,43.0,26.436815725796265,19.24952069816158,7707.8409618494115,151.44325135489237,325.0,54.91484145117244,100.0,lat,bahrain,2021
113.11928937160909,40.0,25.14222040704075,22.262119475068804,7678.488962193112,153.22343390045643,323.5,55.68909369843142,100.0,lat,bahrain,2022
118.69310984386637,51.0,13.528774152954677,32.100402889599145,7690.7900058006035,141.22013814745975,323.0,50.54545784367478,100.0,lat,catalunya,2020
118.69310984386637,51.0,13.528774152954677,32.100402889599145,7690.7900058006035,141.22013814745975,323.0,50.54545784367478,100.0,lat,catalunya,2021
124.79114944789512,38.5,17.03524172775278,35.27856821173653,7969.580967147023,142.14729903622214,322.0,50.605839338239406,100.0,lat,catalunya,2022
117.65062341919702,33.0,14.209056224896202,30.596367029924497,8434.62094736453,142.38016917584883,321.0,57.137313579919486,100.0,lat,hungaroring,2020
117.65062341919702,33.0,14.209056224896202,30.596367029924497,8434.62094736453,142.38016917584883,321.0,57.137313579919486,100.0,lat,hungaroring,2021
111.53290168527906,34.5,13.586279570537723,27.823894700456044,8103.114505572412,138.14039323339517,318.0,52.876277870464605,100.0,lat,hungaroring,2022
118.38519729660611,26.0,21.108191930039755,32.72585530097623,8424.199546291768,147.1907852484724,323.0,56.61213760450924,100.0,lat,interlagos,2021
118.38519729660611,26.0,21.108191930039755,32.72585530097623,8424.199546291768,147.1907852484724,323.0,56.61213760450924,100.0,lat,interlagos,2022
158.4944905203804,49.0,45.72549678541317,12.195744637010264,9076.959138225158,197.99990028792857,341.0,72.41599220385825,100.0,lat,monza,2020
158.4944905203804,49.0,45.72549678541317,12.195744637010264,9076.959138225158,197.99990028792857,341.0,72.41599220385825,100.0,lat,monza,2021
154.3570474928773,43.0,47.84448444654506,10.265238415952727,9212.913428063901,197.2160953736865,343.0,69.9042594000095,100.0,lat,monza,2022
180.2126427593992,44.0,53.41678188072965,24.388394084345006,9577.628557855247,165.02558484865767,316.0,56.29712338218246,100.0,lat,nurburgring,2020
140.9077580618421,45.0,35.61285019065167,9.484846719271262,9083.799983512568,187.69721785374784,321.0,69.89186836906889,100.0,lat,red_bull_ring,2020
140.9077580618421,45.0,35.61285019065167,9.484846719271262,9083.799983512568,187.69721785374784,321.0,69.89186836906889,100.0,lat,red_bull_ring,2021
138.21764652908703,44.0,33.98022169989544,13.51990519047002,8707.797877218747,175.3903126649078,321.5,63.512312733895996,100.0,lat,red_bull_ring,2022
149.7980324892356,36.0,34.11309708395337,26.44305966566811,8925.970016700669,138.2060892120811,345.0,39.2526204379468,100.0,lat,rodriguez,2021
149.7980324892356,36.0,34.11309708395337,26.44305966566811,8925.970016700669,138.2060892120811,345.0,39.2526204379468,100.0,lat,rodriguez,2022
146.81211405142972,70.0,27.998045646045416,26.71765314838332,8962.449859798537,169.54584145731562,318.0,59.94476146010842,100.0,lat,silverstone,2020
146.81211405142972,70.0,27.998045646045416,26.71765314838332,8962.449859798537,169.54584145731562,318.0,59.94476146010842,100.0,lat,silverstone,2021
142.80500056280425,64.5,26.502437505468585,26.243737901656907,8712.44351797431,165.78592889429854,321.0,60.49711337890809,100.0,lat,silverstone,2022
119.14480237912322,53.0,13.97080395134359,44.70429147631635,7812.250980780364,128.51919909580045,334.0,47.80864319590633,100.0,lat,sochi,2020
119.14480237912322,53.0,13.97080395134359,44.70429147631635,7812.250980780364,128.51919909580045,334.0,47.80864319590633,100.0,lat,sochi,2021
148.09419327646876,37.0,39.90805651220312,13.913472892860279,8962.55855960696,162.85896278103468,334.0,55.685356897327544,100.0,lat,spa,2020
148.09419327646876,37.0,39.90805651220312,13.913472892860279,8962.55855960696,162.85896278103468,334.0,55.685356897327544,100.0,lat,spa,2021
139.4936144487856,18.5,34.72071814669696,17.911287917915775,8675.790919995885,162.8552337154593,323.5,56.00740905335397,100.0,lat,spa,2022
146.2755925300511,47.0,24.226220527859898,21.09511983704201,8729.040630188234,172.6152034974545,331.0,57.08026838875171,100.0,lat,suzuka,2022
86.70789876058085,34.0,19.662794937153066,15.582876403538082,6500.9790740172175,150.98653328186936,308.0,37.76682263582299,100.0,lat,villeneuve,2022
98.80717106318136,38.0,14.79660825183575,30.940718240062907,7297.990324616088,122.89096813904946,328.0,40.20509114677908,100.0,lat,yas_marina,2020
98.80717106318136,38.0,14.79660825183575,30.940718240062907,7297.990324616088,122.89096813904946,328.0,40.20509114677908,100.0,lat,yas_marina,2021
124.25963036995147,47.0,34.533775668087124,23.627368881168792,8448.53170865509,139.15483094976847,326.0,45.19360747918425,100.0,lat,yas_marina,2022
138.75485253110253,45.0,48.410546922973396,4.528577947695594,9042.588325952001,134.07084795519577,324.0,41.31638001867067,100.0,lat,zandvoort,2022
154.08114753937863,48.0,45.868994018162795,13.710049013611835,9375.631715100999,187.39588187564652,351.0,64.0346716292303,100.0,lawson,monza,2023
153.39837433842928,57.0,30.15065900405413,17.78327614486137,9031.444519405064,172.42494831970302,329.0,58.03602837809125,100.0,lawson,suzuka,2023
113.58573709643319,57.0,45.92989521721171,3.017579758586953,8342.772552800705,144.67601223553544,304.0,36.81132306303848,100.0,lawson,zandvoort,2023
147.0181709485124,62.0,37.98340592729296,14.37940506339189,9142.8436036593,174.12477152925788,318.0,60.19348234716313,100.0,lec,albert_park,2018
147.0181709485124,62.0,37.98340592729296,14.37940506339189,9142.8436036593,174.12477152925788,318.0,60.19348234716313,100.0,lec,albert_park,2019
146.0484397303926,61.0,40.14071855649932,13.844187323871019,8954.555545140392,170.92648246717124,319.5,60.91712907476825,100.0,lec,albert_park,2022
130.37324930951192,53.0,23.70516024947995,27.00196953668658,8338.688537742699,154.2419842461277,322.0,60.62103139051796,100.0,lec,americas,2018
130.37324930951192,53.0,23.70516024947995,27.00196953668658,8338.688537742699,154.2419842461277,322.0,60.62103139051796,100.0,lec,americas,2019
130.4048790412719,42.0,23.82796474450177,27.50179939593914,8181.888023859921,155.9148699486023,325.0,61.1853354100564,100.0,lec,americas,2021
123.61327496689721,42.0,22.77648439871405,24.72241424484388,8036.038164168138,149.93667249949976,324.6666666666667,58.050446395487576,100.0,lec,americas,2022
139.11277458910013,54.0,36.04807153400752,20.095747557796244,8845.648057571165,176.92796141503803,330.0,65.3488253913343,100.0,lec,bahrain,2018
139.11277458910013,54.0,36.04807153400752,20.095747557796244,8845.648057571165,176.92796141503803,330.0,65.3488253913343,100.0,lec,bahrain,2019
134.26152292219194,53.5,35.792370408380215,19.0926803938974,8499.878740879934,175.38830500335524,329.0,66.01645316347626,100.0,lec,bahrain,2020
131.0227186368609,48.0,33.8897931148085,20.38887715792261,8450.242464714609,169.4658489188199,327.6666666666667,63.413540684042694,100.0,lec,bahrain,2021
127.99272082099196,47.0,30.714788651292363,22.72576869172087,8305.088219463812,165.34342061287575,324.75,61.63722119797244,100.0,lec,bahrain,2022
126.63623854672869,35.0,18.589403556940713,32.0134506194402,8520.570457713813,151.85962009467204,324.0,64.81564507230982,100.0,lec,catalunya,2018
126.63623854672869,35.0,18.589403556940713,32.0134506194402,8520.570457713813,151.85962009467204,324.0,64.81564507230982,100.0,lec,catalunya,2019
127.04987209696505,36.0,21.908919443374756,28.71044621682636,8413.03120621233,151.37081878246607,325.5,63.098951451566315,100.0,lec,catalunya,2020
126.86914394390794,31.0,19.994873940403743,33.65608209520196,8389.767612216732,148.66255697226083,323.6666666666667,62.29052361830185,100.0,lec,catalunya,2021
129.89758972653243,30.75,20.582945384819404,35.134088170102586,8489.270729109981,146.4682525161613,323.5,60.198220215796,100.0,lec,catalunya,2022
131.2746932662276,49.0,34.63743989992013,18.346957721779177,8595.442575505289,153.34290497247335,324.0,62.579584299255636,100.0,lec,hockenheimring,2018
131.2746932662276,49.0,34.63743989992013,18.346957721779177,8595.442575505289,153.34290497247335,324.0,62.579584299255636,100.0,lec,hockenheimring,2019
121.42318917970498,37.0,12.507611094600426,42.80608642638299,8273.320384040875,164.57199749952844,320.0,59.0280798065329,100.0,lec,hungaroring,2018
121.42318917970498,37.0,12.507611094600426,42.80608642638299,8273.320384040875,164.57199749952844,320.0,59.0280798065329,100.0,lec,hungaroring,2019
122.33564942134439,45.5,17.490125542659616,30.74284280528125,8336.75660830061,156.4400136696565,323.5,58.848836032403504,100.0,lec,hungaroring,2020
123.0609009038201,41.0,16.96028702970848,33.471961708559206,8289.641971197705,152.94943899813327,321.6666666666667,59.589818887925865,100.0,lec,hungaroring,2021
120.31308282933558,40.5,16.43618384398154,30.064688808670738,8224.969643555467,147.9412916969774,319.0,57.70708793861413,100.0,lec,hungaroring,2022
115.0878523132603,0.0,18.417411773131338,32.32996073016983,8025.63514811857,153.48111597268903,337.0,62.8449455209966,100.0,lec,interlagos,2018
115.0878523132603,0.0,18.417411773131338,32.32996073016983,8025.63514811857,153.48111597268903,337.0,62.8449455209966,100.0,lec,interlagos,2019
116.91978001507036,14.5,21.015194889980947,25.117891201396137,7940.259662429329,153.23759930748275,335.5,62.25182698869466,100.0,lec,interlagos,2021
117.26374886414737,16.333333333333332,19.735831774257946,25.920904214455806,7984.112480730709,150.46654773577418,332.3333333333333,61.21487436939274,100.0,lec,interlagos,2022
155.7176655850175,51.0,47.50185499219913,7.963508335379858,9171.80531783752,198.69545882479702,335.0,72.72935482399222,100.0,lec,monza,2018
155.7176655850175,51.0,47.50185499219913,7.963508335379858,9171.80531783752,198.69545882479702,335.0,72.72935482399222,100.0,lec,monza,2019
159.56241795516775,44.0,51.152409757257054,7.548067831507764,9285.471928162395,195.33413730965253,344.5,70.90387281867716,100.0,lec,monza,2020
158.38004787623757,44.0,47.43147043360895,12.19911591966473,9257.600077819727,192.57951188010938,344.0,69.01797819239012,100.0,lec,monza,2021
156.4726709093864,41.75,46.941459000685995,12.123152693736827,9246.688694462518,189.94051443641013,342.25,68.62917642890949,100.0,lec,monza,2022
187.12510170641573,50.0,52.39016200196113,28.152771103049695,9676.0818493634,163.38752387589443,315.0,58.17639557523019,100.0,lec,nurburgring,2020
140.63480755251538,49.0,32.52332594096725,18.963776285746754,8846.171113267206,173.47497572809198,325.0,66.02455677369369,100.0,lec,red_bull_ring,2018
140.63480755251538,49.0,32.52332594096725,18.963776285746754,8846.171113267206,173.47497572809198,325.0,66.02455677369369,100.0,lec,red_bull_ring,2019
141.45424962380284,45.5,30.24943064342159,21.032027537025648,8742.048640000077,171.7936767764824,328.5,64.93542647530386,100.0,lec,red_bull_ring,2020
141.25055901752197,46.0,32.636157054959305,19.100637789144624,8708.011798469517,173.10723392667992,326.0,65.37003157255633,100.0,lec,red_bull_ring,2021
137.31726233696423,41.75,31.68093755341986,18.179558114350133,8572.429232073886,169.96377263186753,324.5,64.81750199306055,100.0,lec,red_bull_ring,2022
185.3503408157522,60.0,42.6955859132224,36.45172492936479,9617.95448374093,159.43159250159374,353.0,50.89976701216081,100.0,lec,rodriguez,2018
185.3503408157522,60.0,42.6955859132224,36.45172492936479,9617.95448374093,159.43159250159374,353.0,50.89976701216081,100.0,lec,rodriguez,2019
186.521587594901,55.5,44.057827240258106,35.216781417725656,9545.451206949336,162.49583766743356,356.0,50.51701091829582,100.0,lec,rodriguez,2021
179.08766183194777,46.0,41.34616377401093,35.14310286718054,9403.665515393463,155.3127886938928,353.3333333333333,47.14548289112988,100.0,lec,rodriguez,2022
138.18155540266162,68.0,20.75498892245569,44.84564530491295,8506.182252540602,154.03732877508372,326.0,53.856987391087316,100.0,lec,shanghai,2018
138.18155540266162,68.0,20.75498892245569,44.84564530491295,8506.182252540602,154.03732877508372,326.0,53.856987391087316,100.0,lec,shanghai,2019
138.16552576925864,49.0,21.31244166471923,27.277082700304856,8401.624653702205,161.38082171375578,321.0,64.55300594185074,100.0,lec,silverstone,2018
138.16552576925864,49.0,21.31244166471923,27.277082700304856,8401.624653702205,161.38082171375578,321.0,64.55300594185074,100.0,lec,silverstone,2019
144.64111013096203,51.5,24.587194879584505,25.2680937223657,8543.96850264123,169.81879896691476,327.5,66.90857643269855,100.0,lec,silverstone,2020
143.2618392264932,49.666666666666664,26.258465328951086,23.275147595719687,8458.810433745157,167.68166874846025,324.6666666666667,65.22475034535388,100.0,lec,silverstone,2021
140.4889563221713,44.25,25.351705487544486,22.924906723850352,8436.888635756113,165.93432698424328,325.0,63.97733174989606,100.0,lec,silverstone,2022
132.05492809508664,35.0,15.448695496114489,47.8135163008234,8669.054723419064,146.15157798818385,328.0,59.047010501372604,100.0,lec,sochi,2018
132.05492809508664,35.0,15.448695496114489,47.8135163008234,8669.054723419064,146.15157798818385,328.0,59.047010501372604,100.0,lec,sochi,2019
140.70994565415785,39.5,17.762909384728864,52.69051075007994,8831.231560659704,147.1913376685102,329.5,57.385944815062324,100.0,lec,sochi,2020
138.9381161567068,41.0,19.21568387690856,51.94311581187164,8716.04356140375,143.32794347262174,333.3333333333333,54.76412814308836,100.0,lec,sochi,2021
159.0578951389205,47.0,46.054771421281174,10.650475327088186,9162.270846028741,181.23485180471232,332.0,67.47874855454374,100.0,lec,spa,2018
159.0578951389205,47.0,46.054771421281174,10.650475327088186,9162.270846028741,181.23485180471232,332.0,67.47874855454374,100.0,lec,spa,2019
152.59632018139283,23.5,47.45337974247332,12.64842772431606,8766.874969404504,176.39524551582184,338.5,63.07183948184144,100.0,lec,spa,2020
153.00867557117508,30.0,47.11251528509796,11.563861463072895,8873.617323446762,176.6485992159654,336.6666666666667,62.585083317678006,100.0,lec,spa,2021
148.02392300034964,32.5,43.273822229576695,13.700385551550488,8833.33966099372,172.03088398055513,330.5,61.08590273389482,100.0,lec,spa,2022
150.0560717716649,50.0,34.17878408242139,12.92832714749936,8647.815673444335,164.84936331478588,323.0,57.4508469368694,100.0,lec,suzuka,2018
150.0560717716649,50.0,34.17878408242139,12.92832714749936,8647.815673444335,164.84936331478588,323.0,57.4508469368694,100.0,lec,suzuka,2019
157.93926869218893,54.0,40.59873132190339,13.316653131037286,8937.211072277943,172.17835648882374,329.0,62.305108991337,100.0,lec,suzuka,2022
113.64923201830601,39.0,28.445946729575507,22.927752223258516,8114.751231725753,167.3420189213239,330.0,56.54368110341051,100.0,lec,villeneuve,2018
113.64923201830601,39.0,28.445946729575507,22.927752223258516,8114.751231725753,167.3420189213239,330.0,56.54368110341051,100.0,lec,villeneuve,2019
117.55625744486109,44.0,34.60669518516565,20.56830616033357,8196.88048403298,156.28502519818082,331.5,59.04589523127443,100.0,lec,villeneuve,2022
103.43758377326043,41.0,18.479999461803043,32.03670772391245,7679.8670392610165,132.5007673500931,338.0,47.86826606625548,100.0,lec,yas_marina,2018
103.43758377326043,41.0,18.479999461803043,32.03670772391245,7679.8670392610165,132.5007673500931,338.0,47.86826606625548,100.0,lec,yas_marina,2019
106.18152151518558,46.0,21.595036886037846,29.662106619739173,7685.817456613588,133.44052810552682,334.5,48.14752043973458,100.0,lec,yas_marina,2020
108.28590173990732,42.666666666666664,20.92140564981729,32.14124928668405,7760.613683582157,133.07577416912417,330.0,47.55982915502879,100.0,lec,yas_marina,2021
116.03702630831614,38.0,28.14269894526491,28.866214045004295,8089.681515502341,134.61881257884917,328.75,47.61025384443963,100.0,lec,yas_marina,2022
129.81979172514954,39.0,53.83845036225845,4.440143955519053,9019.382104364158,142.57112913175933,314.0,48.47004348026873,100.0,lec,zandvoort,2021
129.81979172514954,39.0,53.83845036225845,4.440143955519053,9019.382104364158,142.57112913175933,314.0,48.47004348026873,100.0,lec,zandvoort,2022
123.68122282146555,42.0,27.287951823780407,26.26711109143803,8364.996009500645,153.88131802803852,329.0,52.70390591101242,100.0,leclerc,austin,2023
143.94028243438513,21.0,33.867826325490704,29.169746894817038,9202.08864156302,145.7161556604437,334.0,49.82463248057492,100.0,leclerc,barcelona,2023
118.48059529120312,31.0,12.576647285746578,38.54506531473743,8367.061825283205,138.72644471939728,319.0,49.99380628461532,100.0,leclerc,budapest,2023
163.271556853156,31.0,53.80474186761875,8.636903462716612,9372.682579277443,176.82355524656796,325.0,61.85267163817268,100.0,leclerc,melbourne,2023
180.01374864990677,45.0,43.88675342207564,37.65656079932768,9563.11514989287,154.11055669348886,352.0,42.615318945749785,100.0,leclerc,mexico_city,2023
102.0362268901278,41.0,29.65540583194415,20.21693722617759,7923.205479194121,154.5477337050794,334.0,46.180565526403186,100.0,leclerc,montréal,2023
154.56468459451708,47.0,41.65812839793888,15.774147318325763,9269.71245824122,188.64853073625454,350.0,63.73248082495882,100.0,leclerc,monza,2023
113.84940278288964,36.0,29.049302258414098,15.854892548971497,7875.018189588189,151.64127323995044,327.0,56.56527139254775,100.0,leclerc,sakhir,2023
148.60878073737985,44.0,25.272347429891035,35.06658856595628,8997.141895478817,168.064914087445,326.0,61.25733462195264,100.0,leclerc,silverstone,2023
139.53152121852136,29.0,35.883865148647665,18.817809140880016,8790.957952135463,166.156722838291,338.0,58.08549107208215,100.0,leclerc,spa_francorchamps,2023
134.78159624940216,34.0,33.775437373496004,20.37391271490984,8669.79045665375,148.55397962365566,326.0,51.68587081854023,100.0,leclerc,spielberg,2023
153.60358985375575,50.0,31.18183799391756,22.59628727554313,9002.190639942706,167.9931469418154,332.0,59.56244372295437,100.0,leclerc,suzuka,2023
114.73170655017782,20.0,16.778869052895566,32.552929212626225,8000.050118432569,144.3772744358137,334.0,54.57816406315666,100.0,leclerc,são_paulo,2023
102.27483167223198,0.0,41.057048014435026,14.688023312601674,7629.1195434292895,141.1528716986914,330.0,43.496135529452346,100.0,leclerc,zandvoort,2023
153.48277915051133,29.0,29.508310579637683,17.69138548682326,9122.44373209645,180.31220265101447,317.0,63.777512941869496,100.0,mag,albert_park,2018
153.48277915051133,29.0,29.508310579637683,17.69138548682326,9122.44373209645,180.31220265101447,317.0,63.777512941869496,100.0,mag,albert_park,2019
147.43455367612268,33.5,28.52486484365602,17.766122039999512,9137.67214923349,173.34959475207214,318.0,59.882557945328955,100.0,mag,albert_park,2022
127.0245026564418,55.0,11.411624688289926,33.0935936582979,8122.785896187547,154.1238327024308,321.0,50.322626030004244,100.0,mag,americas,2018
127.0245026564418,55.0,11.411624688289926,33.0935936582979,8122.785896187547,154.1238327024308,321.0,50.322626030004244,100.0,mag,americas,2019
128.63697039816972,52.0,12.349521921842591,32.476350563504724,8297.211499066616,153.58182332276118,325.0,51.642434096838656,100.0,mag,americas,2022
126.81922117046422,45.0,17.967739640097417,26.60766312284043,8256.815674521366,163.62425234838327,325.0,55.3589502105385,100.0,mag,bahrain,2018
126.81922117046422,45.0,17.967739640097417,26.60766312284043,8256.815674521366,163.62425234838327,325.0,55.3589502105385,100.0,mag,bahrain,2019
126.07184367204962,39.0,17.838114041911112,25.728384813917707,8387.011006991086,164.79256412034127,323.5,56.95852757117558,100.0,mag,bahrain,2020
124.71100487946667,37.666666666666664,19.13925804142592,25.148030544899388,8465.204345880804,162.68205873903696,323.3333333333333,55.38407550204451,100.0,mag,bahrain,2022
137.10543663838416,37.0,10.703514726729715,48.473754538906945,8697.833030958886,154.7619834525342,326.0,56.746292794129204,100.0,mag,catalunya,2018
137.10543663838416,37.0,10.703514726729715,48.473754538906945,8697.833030958886,154.7619834525342,326.0,56.746292794129204,100.0,mag,catalunya,2019
133.35019090224552,35.5,12.70245395971623,40.079004445131325,8660.6277524902,151.6871332752301,324.0,55.64958163632318,100.0,mag,catalunya,2020
129.92139015516833,26.666666666666668,13.36339956257087,37.42579696554798,8549.030850933832,147.31474748293283,324.0,53.470880918069156,100.0,mag,catalunya,2022
130.62467792710888,28.0,21.690313063060497,28.142184030882948,8465.355712183271,150.7605750123259,323.0,49.52228246301529,100.0,mag,hockenheimring,2018
130.62467792710888,28.0,21.690313063060497,28.142184030882948,8465.355712183271,150.7605750123259,323.0,49.52228246301529,100.0,mag,hockenheimring,2019
114.63433152999983,33.0,4.2316312015903295,55.52044923756033,7576.46186156815,135.23341028619788,331.0,43.761790049220316,100.0,mag,hungaroring,2018
114.63433152999983,33.0,4.2316312015903295,55.52044923756033,7576.46186156815,135.23341028619788,331.0,43.761790049220316,100.0,mag,hungaroring,2019
115.84333626472417,35.5,6.420433328509411,39.72421716885941,7730.860425028986,138.1072528330701,325.5,46.30550035007856,100.0,mag,hungaroring,2020
121.64297923974107,32.666666666666664,7.350237948215682,40.30471865525596,8066.999034644141,143.06371357857435,323.6666666666667,50.097284239968154,100.0,mag,hungaroring,2022
117.99209526625958,0.0,9.054389133923769,31.31558593449342,7978.069259049094,149.13089547300012,329.0,55.24097640401648,100.0,mag,interlagos,2018
117.99209526625958,0.0,9.054389133923769,31.31558593449342,7978.069259049094,149.13089547300012,329.0,55.24097640401648,100.0,mag,interlagos,2019
119.51209909933867,22.0,10.672601289671686,28.76151105172722,8343.96552161467,149.71646312718644,330.5,55.23762448105099,100.0,mag,interlagos,2022
157.81270171832017,30.0,31.854201553347906,20.00227586237228,9245.713607413583,192.04722991857005,342.0,65.39241145445605,100.0,mag,monza,2018
157.81270171832017,30.0,31.854201553347906,20.00227586237228,9245.713607413583,192.04722991857005,342.0,65.39241145445605,100.0,mag,monza,2019
163.0082081207327,42.5,39.32680879154286,14.876750664162735,9433.471816038698,195.7343716526822,346.0,65.92089080514717,100.0,mag,monza,2020
160.11159912427092,38.333333333333336,35.86994187978987,17.56474491594133,9305.922883753774,193.5860927262861,345.0,65.63382170348558,100.0,mag,monza,2022
195.6542856912194,29.0,53.01016990264958,25.693118625809404,10151.709509748804,171.50827801336953,315.0,59.25144257841782,100.0,mag,nurburgring,2020
139.5953382329087,57.0,16.941265431541975,28.70860076337163,8925.65735420403,171.16817009679517,327.0,64.36175741694962,100.0,mag,red_bull_ring,2018
139.5953382329087,57.0,16.941265431541975,28.70860076337163,8925.65735420403,171.16817009679517,327.0,64.36175741694962,100.0,mag,red_bull_ring,2019
137.79442951859443,54.5,15.833090055464965,29.101143991936752,8760.328451494806,167.76608478518975,325.0,63.15651113524773,100.0,mag,red_bull_ring,2020
139.0278813147145,53.666666666666664,19.945459126067036,23.819209095878907,8809.203783612136,170.32700541687933,324.6666666666667,61.29137702764533,100.0,mag,red_bull_ring,2022
181.4389464681205,38.0,34.29246550603206,28.92219094074955,9677.287915440433,162.70400354901423,352.0,39.30259336169518,100.0,mag,rodriguez,2018
181.4389464681205,38.0,34.29246550603206,28.92219094074955,9677.287915440433,162.70400354901423,352.0,39.30259336169518,100.0,mag,rodriguez,2019
183.6852617080242,48.0,38.937753086371856,29.287375129971522,9856.158836689541,164.35503670523832,354.0,42.53850019308421,100.0,mag,rodriguez,2022
142.4313619129958,46.0,15.882812778540016,41.8796990855663,8349.821469705039,153.18641808721503,330.0,49.91718068270292,100.0,mag,shanghai,2018
142.4313619129958,46.0,15.882812778540016,41.8796990855663,8349.821469705039,153.18641808721503,330.0,49.91718068270292,100.0,mag,shanghai,2019
142.63894284208126,37.0,12.14357828746284,31.559097520206713,8684.886642253046,149.43232510457594,322.0,50.6828279145966,100.0,mag,silverstone,2018
142.63894284208126,37.0,12.14357828746284,31.559097520206713,8684.886642253046,149.43232510457594,322.0,50.6828279145966,100.0,mag,silverstone,2019
144.43980216071134,42.0,15.000850198817771,29.422435567612684,8873.942515124752,166.03981060247162,325.0,55.409507765140035,100.0,mag,silverstone,2020
145.9307885166421,38.666666666666664,16.58202947272287,29.178721885602897,8909.178398568356,170.064279586869,322.3333333333333,58.57998764257648,100.0,mag,silverstone,2022
137.4897739278655,32.0,10.833815248516272,58.68700050013759,8710.289237914114,141.14449910011547,325.0,47.927067032467114,100.0,mag,sochi,2018
137.4897739278655,32.0,10.833815248516272,58.68700050013759,8710.289237914114,141.14449910011547,325.0,47.927067032467114,100.0,mag,sochi,2019
141.02211347361046,34.0,13.018518472493058,56.87479090368787,8789.69231096585,142.32437588395663,326.5,47.145862987348536,100.0,mag,sochi,2020
152.76844324479015,33.0,27.237063070281053,20.203197415355344,9249.269789829092,175.5150965281438,336.0,55.655245427836945,100.0,mag,spa,2018
152.76844324479015,33.0,27.237063070281053,20.203197415355344,9249.269789829092,175.5150965281438,336.0,55.655245427836945,100.0,mag,spa,2019
148.66179416617976,16.5,31.10603445658785,17.46662233370118,8876.136799898242,172.35519325693906,336.5,51.91770868128246,100.0,mag,spa,2020
152.96260138001733,20.666666666666668,34.011351359839296,16.65649620748006,9158.618158436142,176.65335264426867,335.3333333333333,55.56910474218579,100.0,mag,spa,2022
145.4633406790559,45.0,17.75968988573828,24.27167690147557,8474.137915375726,165.41167356327506,319.0,51.89640995736084,100.0,mag,suzuka,2018
145.4633406790559,45.0,17.75968988573828,24.27167690147557,8474.137915375726,165.41167356327506,319.0,51.89640995736084,100.0,mag,suzuka,2019
163.591504394362,59.0,35.40511189813609,21.738291553190887,9156.972233301138,177.47360440982663,323.5,56.20860049926054,100.0,mag,suzuka,2022
112.97209546528292,47.0,16.54571566082857,26.719213526499935,8222.882263702993,169.27274772104911,329.0,50.482158019030344,100.0,mag,villeneuve,2018
112.97209546528292,47.0,16.54571566082857,26.719213526499935,8222.882263702993,169.27274772104911,329.0,50.482158019030344,100.0,mag,villeneuve,2019
113.97867357105066,39.5,21.504471578533032,21.39462662504544,8319.628219571021,163.96308327931433,329.5,50.43187986833984,100.0,mag,villeneuve,2022
114.58747099456544,55.0,12.50899004616252,37.1757886207306,8283.558244206339,136.1306927520496,334.0,43.136346638578594,100.0,mag,yas_marina,2018
114.58747099456544,55.0,12.50899004616252,37.1757886207306,8283.558244206339,136.1306927520496,334.0,43.136346638578594,100.0,mag,yas_marina,2019
112.60871350419177,50.0,13.281638908754386,32.69509008955568,8130.310198354226,134.55821649459506,331.5,42.13738908840293,100.0,mag,yas_marina,2020
113.98402867587602,43.0,13.033042113587777,33.7028727900173,8220.1478119347,136.10982089725186,329.3333333333333,42.665033958874915,100.0,mag,yas_marina,2022
123.53331189754022,49.0,44.75158161069471,3.504625366710208,8323.764283287863,142.80995903811777,323.0,44.26422049211877,100.0,mag,zandvoort,2022
126.32921788915691,54.0,16.15366803369811,31.10984727872532,7889.736776490227,155.94359909631075,333.0,52.27946866593183,100.0,magnussen,austin,2023
153.8785919824351,84.0,28.733219736656654,34.74002767043892,9045.401678844004,158.92527108187804,335.0,57.90518385054541,100.0,magnussen,barcelona,2023
123.0710413284797,47.0,10.532177116818112,37.17427499689022,8135.875094014891,139.82425971039893,322.0,49.01648034979365,100.0,magnussen,budapest,2023
173.32976428214428,22.0,53.627639154290826,9.722005005292086,9325.18764467687,187.1612509939277,326.0,66.25510446329388,100.0,magnussen,melbourne,2023
170.76622523679526,42.0,42.604825177949024,36.66473121142832,9374.358630859013,151.89439544981715,353.0,44.65732989753412,100.0,magnussen,mexico_city,2023
100.99452718962013,41.0,20.352773408183744,26.749844174343174,7475.075868746585,151.99256681256105,333.0,47.05671572195167,100.0,magnussen,montréal,2023
158.26898783047488,54.0,43.270771477086136,14.84156746872264,9164.67660969215,197.75924135069704,353.0,67.93742663330227,100.0,magnussen,monza,2023
130.31968003269247,50.0,25.963648764916854,30.541704041316763,8215.678537664555,166.1062930880136,322.0,58.48789744602896,100.0,magnussen,sakhir,2023
139.42462443733052,41.0,16.53731835262966,32.344745201741155,8169.237149247782,167.7972828558994,303.0,51.99016628168738,100.0,magnussen,silverstone,2023
132.34859270034738,0.0,23.098641430894713,19.996762552667033,8256.94233863944,165.04863080389163,322.0,54.82940002082378,100.0,magnussen,spa_francorchamps,2023
127.75765935585228,46.0,20.56506277359706,21.190923949915895,7884.480304787653,161.12247157144105,325.0,44.16534087004884,100.0,magnussen,spielberg,2023
160.23414116682946,61.0,28.86867410761342,22.976623026474975,8719.080921484308,171.01838009459482,335.0,61.33750170854178,100.0,magnussen,suzuka,2023
116.96632986266445,20.0,11.787794828886096,35.52419874274257,7848.210085401703,139.7496553110044,336.0,53.44514201151181,100.0,magnussen,são_paulo,2023
109.26706552966542,44.0,34.39720819764706,5.9829295657119115,7769.832046082527,141.2031012456422,305.0,34.88151624128228,100.0,magnussen,zandvoort,2023
108.07194854903645,15.0,9.847518875541585,26.991615325211082,7526.893471359968,131.93566965674967,320.0,35.52894867457618,100.0,maz,americas,2021
105.97641884589987,0.0,12.003099971733615,33.95955429853542,7606.892839084564,141.1264971325846,325.0,37.66424886921803,100.0,maz,bahrain,2021
137.02682224871558,43.0,14.109266027324356,43.38941595531373,8342.198025908068,141.4056834802448,329.0,42.134086931741926,100.0,maz,catalunya,2021
116.11651931039185,28.0,5.3985348024213575,31.40087937531915,7665.7399004033105,137.87507401443963,319.0,39.53418127126288,100.0,maz,hungaroring,2021
119.73040118036387,36.0,8.875543296043263,37.86092363936008,8125.283242538292,141.94564941387213,328.0,43.3691814189832,100.0,maz,interlagos,2021
143.4836433781849,8.0,33.96720894599825,13.920232718581268,8712.683043069972,186.34198624415356,342.0,56.993110295182795,100.0,maz,monza,2021
139.3807980120727,53.0,15.848929517483507,25.345611053471405,8153.41163107818,163.34398598915772,318.0,51.455399897299536,100.0,maz,red_bull_ring,2021
150.4274763375323,29.0,29.979127710339505,25.565705117602104,8652.274767265113,141.9806759005364,345.0,31.761870592684215,100.0,maz,rodriguez,2021
126.49407891790452,0.0,12.121986884098188,28.391792858803083,7694.594290727285,160.04247972788156,327.0,47.805089921382894,100.0,maz,silverstone,2021
125.764416120247,35.0,6.1455274216559745,71.39329260420516,8268.996182213898,144.1284766819479,313.0,37.10460907359051,100.0,maz,sochi,2021
130.54523626225554,23.0,14.671895841904261,29.55067827589322,7983.301564890076,155.10051194618526,306.0,41.18697635492758,100.0,maz,spa,2021
123.8153280724695,20.0,34.496502899300424,3.0781266970783094,8353.209502408154,141.96950105677013,319.0,35.867386961782536,100.0,maz,zandvoort,2021
168.61279508005947,35.0,58.71578429864308,4.408899102813413,9688.308658673484,185.1313760386964,319.0,62.35076128599137,100.0,msc,albert_park,2022
122.48215047915592,29.0,14.628578163761954,30.533998339224457,8079.552232871444,148.76169603475822,320.0,43.4828261007488,100.0,msc,americas,2021
122.48215047915592,29.0,14.628578163761954,30.533998339224457,8079.552232871444,148.76169603475822,320.0,43.4828261007488,100.0,msc,americas,2022
119.35333082839648,47.0,13.5510021240593,29.93364138594867,8307.30418954451,149.9237838096154,315.0,48.499235411637045,100.0,msc,bahrain,2021
119.35333082839648,47.0,13.5510021240593,29.93364138594867,8307.30418954451,149.9237838096154,315.0,48.499235411637045,100.0,msc,bahrain,2022
136.64804228637954,29.0,18.482161961362145,37.752968185266674,8860.36542090931,145.76906170554497,329.0,46.16876232947565,100.0,msc,catalunya,2021
136.64804228637954,29.0,18.482161961362145,37.752968185266674,8860.36542090931,145.76906170554497,329.0,46.16876232947565,100.0,msc,catalunya,2022
113.81293990159914,40.0,10.443998060955492,26.006366777289,7691.017133488112,135.64458877429502,314.0,50.25798000619829,100.0,msc,hungaroring,2022
115.30580322487071,22.0,8.563688652024528,38.456000581538895,7952.2138963669495,148.6525946819828,325.0,47.02204159217894,100.0,msc,interlagos,2021
115.30580322487071,22.0,8.563688652024528,38.456000581538895,7952.2138963669495,148.6525946819828,325.0,47.02204159217894,100.0,msc,interlagos,2022
148.21376884154563,30.0,38.13408602755031,11.998882143525002,9169.206984456787,184.6355655153235,339.0,59.80402754787786,100.0,msc,monza,2021
148.21376884154563,30.0,38.13408602755031,11.998882143525002,9169.206984456787,184.6355655153235,339.0,59.80402754787786,100.0,msc,monza,2022
136.64680899139003,41.0,18.231505919968246,21.525232086958514,8418.111108428526,170.04789238844356,321.0,57.496346966313126,100.0,msc,red_bull_ring,2021
136.64680899139003,41.0,18.231505919968246,21.525232086958514,8418.111108428526,170.04789238844356,321.0,57.496346966313126,100.0,msc,red_bull_ring,2022
158.65700408706925,28.0,34.48670687846057,26.309158279793714,8996.022942556398,144.83327854426696,347.0,35.48213563418116,100.0,msc,rodriguez,2021
158.65700408706925,28.0,34.48670687846057,26.309158279793714,8996.022942556398,144.83327854426696,347.0,35.48213563418116,100.0,msc,rodriguez,2022
135.5607988262709,36.0,12.792213450581297,26.11419453755287,8163.297778517616,170.99775498553714,331.0,48.67229991470136,100.0,msc,silverstone,2021
135.5607988262709,36.0,12.792213450581297,26.11419453755287,8163.297778517616,170.99775498553714,331.0,48.67229991470136,100.0,msc,silverstone,2022
119.11403462857209,30.0,5.472314565465392,59.20186048615483,8068.38015949068,147.461843609957,312.0,41.46055277655553,100.0,msc,sochi,2021
133.32912980681033,51.0,15.57085805153629,24.478842120943273,8555.272794471317,163.77256837572747,309.0,46.032955070498815,100.0,msc,spa,2021
133.32912980681033,51.0,15.57085805153629,24.478842120943273,8555.272794471317,163.77256837572747,309.0,46.032955070498815,100.0,msc,spa,2022
154.4111072569441,33.0,27.90136215499671,25.06734030883425,8916.724141844279,169.8305068186955,325.0,63.17009244982235,100.0,msc,suzuka,2022
93.89766884813325,32.0,20.63925771338465,16.66219469856026,7260.875976419579,142.87933431252338,306.0,43.76622119217447,100.0,msc,villeneuve,2022
148.15773677107194,32.0,38.94834064880535,20.208141122935288,9205.74840466065,152.60804335233098,326.0,40.45785219389187,100.0,msc,yas_marina,2021
148.15773677107194,32.0,38.94834064880535,20.208141122935288,9205.74840466065,152.60804335233098,326.0,40.45785219389187,100.0,msc,yas_marina,2022
127.9952225099691,20.0,38.83940672170025,3.985939806029939,8978.486554428502,148.94267372084224,323.0,36.82283745247176,100.0,msc,zandvoort,2021
127.9952225099691,20.0,38.83940672170025,3.985939806029939,8978.486554428502,148.94267372084224,323.0,36.82283745247176,100.0,msc,zandvoort,2022
141.42101723467476,47.0,35.46718566792371,11.31672305566129,9394.532041135033,168.03509176619247,322.0,59.14026380035212,100.0,nor,albert_park,2019
141.42101723467476,47.0,35.46718566792371,11.31672305566129,9394.532041135033,168.03509176619247,322.0,59.14026380035212,100.0,nor,albert_park,2022
122.46994687085422,32.0,21.713345355379378,16.887526739146494,8949.075638954604,153.34477486502976,327.0,50.717263240855736,100.0,nor,americas,2019
122.46994687085422,32.0,21.713345355379378,16.887526739146494,8949.075638954604,153.34477486502976,327.0,50.717263240855736,100.0,nor,americas,2021
119.21066623780287,39.0,19.157792233586605,20.38792775889349,9054.743976887235,147.4468629403131,325.0,47.38336197662088,100.0,nor,americas,2022
126.44259371694139,19.0,22.518053033796875,20.152334476947896,8697.377876283752,163.77829501845076,330.0,53.842031246461396,100.0,nor,bahrain,2019
126.44259371694139,19.0,22.518053033796875,20.152334476947896,8697.377876283752,163.77829501845076,330.0,53.842031246461396,100.0,nor,bahrain,2020
126.37412454323511,32.0,23.948926563618652,19.637125486507824,8632.692301557878,159.3242401558278,328.0,53.46208819170673,100.0,nor,bahrain,2021
124.03822300647211,33.666666666666664,20.647142118368652,23.75056279506842,8662.70833263857,156.70586277201485,324.6666666666667,52.524081801404066,100.0,nor,bahrain,2022
128.4098910533578,25.0,21.75697670320256,23.062193007398484,9230.801362867895,152.1450465011586,324.0,56.67130658501901,100.0,nor,catalunya,2019
128.4098910533578,25.0,21.75697670320256,23.062193007398484,9230.801362867895,152.1450465011586,324.0,56.67130658501901,100.0,nor,catalunya,2020
126.71545506584981,22.0,17.059640891081745,27.663729307076686,8921.050372750411,145.7536095658822,325.0,51.857129915347606,100.0,nor,catalunya,2021
129.29902969193733,27.333333333333332,16.76338155375753,28.629531110489847,8983.818816787687,143.05523475027286,323.6666666666667,49.84793187545923,100.0,nor,catalunya,2022
134.54180068699165,45.0,29.073686011947174,20.224100712320038,8965.444328629257,160.62081398487945,330.0,53.942517672398324,100.0,nor,hockenheimring,2019
120.48193654939297,35.0,14.817416496506468,15.804130327577237,8755.92159013221,145.35940556781446,325.0,51.34436222871479,100.0,nor,hungaroring,2019
120.48193654939297,35.0,14.817416496506468,15.804130327577237,8755.92159013221,145.35940556781446,325.0,51.34436222871479,100.0,nor,hungaroring,2020
124.77231121418478,42.0,11.328793352229829,23.352115759522228,8815.387718795202,146.2342118963822,322.0,52.298708243868106,100.0,nor,hungaroring,2021
122.32173820699474,41.0,10.215354661908195,23.474074084075568,8651.301528675549,141.69261209337085,319.6666666666667,49.572300786410985,100.0,nor,hungaroring,2022
120.52720880312714,44.0,18.419085452892745,13.025770072416718,9099.073127918688,149.58597828852777,329.0,52.57329313924933,100.0,nor,interlagos,2019
120.52720880312714,44.0,18.419085452892745,13.025770072416718,9099.073127918688,149.58597828852777,329.0,52.57329313924933,100.0,nor,interlagos,2021
116.96588631395413,29.5,13.935936187740754,19.68916002304655,8697.4091740695,144.73782544459866,327.5,51.94525393171921,100.0,nor,interlagos,2022
154.93600470548193,53.0,43.71199492512349,7.23959919532794,9481.422700059828,178.94312741991186,342.0,53.23046446924727,100.0,nor,monza,2019
154.93600470548193,53.0,43.71199492512349,7.23959919532794,9481.422700059828,178.94312741991186,342.0,53.23046446924727,100.0,nor,monza,2020
156.98863046251083,51.5,39.36841803811912,10.051548516603114,9407.477045555032,183.32452418466553,343.5,57.559514386646775,100.0,nor,monza,2021
155.12118988704222,49.666666666666664,38.1173505840167,9.661529650280604,9493.385281274403,183.5919502153428,343.0,57.68426802914018,100.0,nor,monza,2022
185.1017367571491,48.0,47.454849026532834,17.908610750802225,9891.24630681194,163.65706257254948,320.0,55.59982323328831,100.0,nor,nurburgring,2020
138.03398735998795,45.0,23.74902819746592,15.906543446474748,9162.069296670203,165.81269474059917,331.0,60.45805856411042,100.0,nor,red_bull_ring,2019
138.03398735998795,45.0,23.74902819746592,15.906543446474748,9162.069296670203,165.81269474059917,331.0,60.45805856411042,100.0,nor,red_bull_ring,2020
139.41391335979176,49.0,27.929515418516175,11.72533109813618,9044.199076195811,167.592268073031,327.5,58.73785775696107,100.0,nor,red_bull_ring,2021
137.7568758093919,41.333333333333336,25.52728320574438,13.696536517348685,8882.621504190043,163.18451076090798,325.6666666666667,56.670893391606135,100.0,nor,red_bull_ring,2022
183.03906790912703,40.0,36.24438002986029,28.030366945337015,9840.467512982308,160.9007488755111,347.0,41.330502904281026,100.0,nor,rodriguez,2019
183.03906790912703,40.0,36.24438002986029,28.030366945337015,9840.467512982308,160.9007488755111,347.0,41.330502904281026,100.0,nor,rodriguez,2021
174.73926978049826,38.5,33.55501397587689,30.012444962022762,9787.70643652109,152.36570451717216,346.5,39.742771422980454,100.0,nor,rodriguez,2022
118.81938644386274,55.0,16.676547334297158,22.400686880513177,8646.358495371609,142.7036769376462,323.0,47.31766280198647,100.0,nor,shanghai,2019
150.67914706609844,66.0,22.937470972444018,16.311119044760904,9193.083099923253,180.16020209234443,333.0,61.344003176662596,100.0,nor,silverstone,2019
150.67914706609844,66.0,22.937470972444018,16.311119044760904,9193.083099923253,180.16020209234443,333.0,61.344003176662596,100.0,nor,silverstone,2020
147.81089292991845,52.0,21.40031117266885,15.645098884594002,9100.034818492442,172.62019703842194,325.5,57.486551628889664,100.0,nor,silverstone,2021
144.1779691729976,40.333333333333336,19.951461018615124,17.183972727467694,8935.66472694636,168.16134496062043,324.3333333333333,56.18624027998751,100.0,nor,silverstone,2022
138.36995126732396,38.0,11.72240662601691,43.606605025214385,9317.485601552846,150.55896731958495,330.0,51.2329025781884,100.0,nor,sochi,2019
138.36995126732396,38.0,11.72240662601691,43.606605025214385,9317.485601552846,150.55896731958495,330.0,51.2329025781884,100.0,nor,sochi,2020
134.94000243858085,24.0,12.172049893722729,43.023498544214505,8993.29820432839,146.17761419580535,331.0,49.98786932498995,100.0,nor,sochi,2021
143.57651218992058,0.0,43.55047693855829,13.359625139520382,8590.761737753646,159.83591336832882,333.0,43.68375679063513,100.0,nor,spa,2019
143.57651218992058,0.0,43.55047693855829,13.359625139520382,8590.761737753646,159.83591336832882,333.0,43.68375679063513,100.0,nor,spa,2020
147.90785867494574,21.0,38.25870866046542,10.890874710322317,8811.001251657033,165.09753512898322,332.5,48.32463111150611,100.0,nor,spa,2021
142.40276672529706,25.333333333333332,36.65574866815225,11.54783018262466,8772.803255451021,159.10945519941046,326.3333333333333,50.82081694341853,100.0,nor,spa,2022
161.64337416686746,38.0,34.81509031698552,10.812433978371192,9743.854929841104,168.58248754393014,331.0,61.632183513015484,100.0,nor,suzuka,2019
161.64337416686746,38.0,34.81509031698552,10.812433978371192,9743.854929841104,168.58248754393014,331.0,61.632183513015484,100.0,nor,suzuka,2022
114.81702429088196,45.0,32.115157341326864,13.442446989658118,8984.135142214196,157.72184886706415,331.0,52.30171609631636,100.0,nor,villeneuve,2019
114.81702429088196,45.0,32.115157341326864,13.442446989658118,8984.135142214196,157.72184886706415,331.0,52.30171609631636,100.0,nor,villeneuve,2022
107.16737159996916,42.0,17.714860112482157,19.838106784501022,8494.694268896936,132.8101883960562,325.0,39.92113460687097,100.0,nor,yas_marina,2019
107.16737159996916,42.0,17.714860112482157,19.838106784501022,8494.694268896936,132.8101883960562,325.0,39.92113460687097,100.0,nor,yas_marina,2020
108.09508168221657,37.0,14.821721592587025,25.619428274545953,8357.853379176748,131.54459869072792,325.0,39.91886435864235,100.0,nor,yas_marina,2021
116.5931633191691,24.666666666666668,25.054178540631536,24.22014657083442,8482.94622110135,134.52109519274998,324.3333333333333,40.23194760212491,100.0,nor,yas_marina,2022
126.69824331270645,17.0,41.742503107017995,3.339567967346322,9029.867711159324,139.1144431601626,311.0,38.66071941453442,100.0,nor,zandvoort,2021
126.69824331270645,17.0,41.742503107017995,3.339567967346322,9029.867711159324,139.1144431601626,311.0,38.66071941453442,100.0,nor,zandvoort,2022
123.48753226049817,46.0,14.927957417957238,17.718957906954312,8682.305155762066,153.39239792367124,326.0,45.376809788305394,100.0,norris,austin,2023
149.4614610877453,33.0,27.943485443489514,16.17199827707615,9765.738898497431,155.60714402310586,328.0,54.152345996920054,100.0,norris,barcelona,2023
121.0239910458093,55.0,9.139728393281155,20.317504325303215,8827.685359614035,139.25850000676468,314.0,44.362864353713306,100.0,norris,budapest,2023
168.59506465995693,39.0,46.481298742210214,4.116445735166021,9906.805953929595,182.919857116483,324.0,57.07101764919855,100.0,norris,melbourne,2023
166.06257547782963,35.0,32.262347321695515,25.972512700252242,9689.381544301174,148.25614354659095,348.0,36.467767177372316,100.0,norris,mexico_city,2023
101.50191708034333,39.0,22.09763254299476,18.235433068606206,8369.776324083157,149.97617395616905,325.0,44.9780821910621,100.0,norris,montréal,2023
161.33719042874247,48.0,38.30819560232531,7.191560180216285,10019.931146263698,194.55266018779864,348.0,59.534477360143306,100.0,norris,monza,2023
125.1726221254886,43.0,23.01339045989014,20.048674140125048,8884.072981577276,144.0850716709207,321.0,49.5488943226818,100.0,norris,sakhir,2023
145.1425074296738,37.0,14.593099527380492,24.71208038252938,9599.367470547411,168.64827590685218,321.0,53.744106616777465,100.0,norris,silverstone,2023
147.37626493822057,7.0,35.36202062765884,12.063901600260252,9220.0957701016,174.0566792325456,328.0,60.55806283320635,100.0,norris,spa_francorchamps,2023
138.286873291569,33.0,22.617030351639222,13.147625353571456,9294.178230031332,156.20409751317365,325.0,48.30025757090952,100.0,norris,spielberg,2023
157.6704918101373,45.0,23.716087323529184,11.221498014180941,9606.89191293392,171.18983859382632,331.0,50.394263624559386,100.0,norris,suzuka,2023
115.08261292081957,25.0,9.648295523954422,24.81629106716131,8428.949424821236,140.00928264993868,332.0,45.865622541473904,100.0,norris,são_paulo,2023
118.30565656706406,42.0,43.61116110585783,2.1760693877081816,9218.95274221324,142.56494272585647,320.0,42.98052146203604,100.0,norris,zandvoort,2023
153.4768464124403,32.0,32.820567245942954,42.074570331090364,9260.238632418834,178.3144811607244,325.0,68.47755585067175,100.0,oco,albert_park,2018
153.4768464124403,32.0,32.820567245942954,42.074570331090364,9260.238632418834,178.3144811607244,325.0,68.47755585067175,100.0,oco,albert_park,2022
124.29563580808423,43.0,17.71793103026583,32.18292896916286,8348.444181358716,151.9258732083549,323.0,53.098467259528746,100.0,oco,americas,2018
124.29563580808423,43.0,17.71793103026583,32.18292896916286,8348.444181358716,151.9258732083549,323.0,53.098467259528746,100.0,oco,americas,2021
119.15492419033748,41.0,18.056231158969204,27.552667604676742,8203.427578938703,145.66417342022908,329.0,48.32714258115594,100.0,oco,americas,2022
131.36489155085064,55.0,24.739239141177467,36.463289220695486,8500.67214886989,165.02539618165744,329.0,62.5523451026613,100.0,oco,bahrain,2018
131.36489155085064,55.0,24.739239141177467,36.463289220695486,8500.67214886989,165.02539618165744,329.0,62.5523451026613,100.0,oco,bahrain,2020
124.70224443045939,50.0,26.55774992601073,27.36543860132759,8419.856949202596,156.99499775929104,328.5,57.08415689119906,100.0,oco,bahrain,2021
124.68813262679323,47.666666666666664,25.68358067276333,25.312130576473475,8361.518336403175,154.08641324729305,325.0,54.886754621394424,100.0,oco,bahrain,2022
128.7400876230505,38.0,14.419870958031712,51.654547133297996,8613.621503438924,152.35051336610937,328.0,58.36072713961319,100.0,oco,catalunya,2018
128.7400876230505,38.0,14.419870958031712,51.654547133297996,8613.621503438924,152.35051336610937,328.0,58.36072713961319,100.0,oco,catalunya,2020
126.1234908434966,26.0,15.333575737343063,43.00948333271985,8459.147058919556,147.5150391422855,325.0,56.25473611068097,100.0,oco,catalunya,2021
127.79479980048087,28.333333333333332,16.847987183353567,41.81255540506068,8435.36966016981,143.76276326085883,323.6666666666667,53.3348983572057,100.0,oco,catalunya,2022
132.20890379086873,42.0,29.632597995056674,36.77053670992337,8716.66365205825,158.35988711465967,324.0,55.90747003039678,100.0,oco,hockenheimring,2018
120.96605664334442,55.0,10.266866088617672,55.678669052013284,8331.28877326945,154.014048914879,325.0,45.50762329922589,100.0,oco,hungaroring,2018
120.96605664334442,55.0,10.266866088617672,55.678669052013284,8331.28877326945,154.014048914879,325.0,45.50762329922589,100.0,oco,hungaroring,2020
126.09235201625481,44.5,12.635661492694549,48.68591788425576,8515.870081468722,152.53429936842468,322.0,51.213389140569,100.0,oco,hungaroring,2021
123.06799847612139,41.0,12.441564508925728,39.831820900175806,8416.221432740656,146.4611731979951,317.3333333333333,49.27790904241493,100.0,oco,hungaroring,2022
125.30328277502662,38.0,17.952172374469953,41.71796629282413,8718.040098444353,154.37869070910898,335.0,57.151694769802816,100.0,oco,interlagos,2018
125.30328277502662,38.0,17.952172374469953,41.71796629282413,8718.040098444353,154.37869070910898,335.0,57.151694769802816,100.0,oco,interlagos,2021
121.03963980508851,32.5,16.054538781940998,34.863827259271744,8371.937440750198,148.00943914242202,331.0,55.09575020374253,100.0,oco,interlagos,2022
163.62168940425266,40.0,42.47600358681099,19.053348270273016,9523.389179414367,196.63266315775337,347.0,72.65466820072511,100.0,oco,monza,2018
163.62168940425266,40.0,42.47600358681099,19.053348270273016,9523.389179414367,196.63266315775337,347.0,72.65466820072511,100.0,oco,monza,2020
157.88258034809982,47.5,41.12708775456622,20.52116827463576,9224.772901724531,191.47460685646666,350.5,67.7134446302907,100.0,oco,monza,2021
152.57270853539762,45.666666666666664,40.049329207422254,18.284001809792827,9099.659493435718,186.3163835770205,347.0,64.28748458407759,100.0,oco,monza,2022
189.32392615147361,35.0,52.71584552651301,25.313711422994615,9585.020958978736,167.23540383660406,319.0,55.67421354875761,100.0,oco,nurburgring,2020
139.65023610401764,54.0,24.86545788895076,33.85504342939491,8796.899049762915,174.8484664351674,329.0,64.09438446939541,100.0,oco,red_bull_ring,2018
139.65023610401764,54.0,24.86545788895076,33.85504342939491,8796.899049762915,174.8484664351674,329.0,64.09438446939541,100.0,oco,red_bull_ring,2020
141.79183291914876,52.5,33.530634160209175,23.406346468634492,8900.926322302928,175.67235407538294,325.0,60.45943749512056,100.0,oco,red_bull_ring,2021
142.81920699417068,54.333333333333336,34.67350341586163,19.091507525189737,8994.269921627529,176.0191045134801,322.0,60.61926459049646,100.0,oco,red_bull_ring,2022
178.18753408557254,50.0,38.37515111959129,36.778518225792645,9534.519713271404,156.5639452143681,352.0,41.543743169206344,100.0,oco,rodriguez,2018
178.18753408557254,50.0,38.37515111959129,36.778518225792645,9534.519713271404,156.5639452143681,352.0,41.543743169206344,100.0,oco,rodriguez,2021
171.64288835487315,40.0,38.215337703255116,34.171245135983504,9315.099999374834,152.3855855764849,349.5,40.59851102255843,100.0,oco,rodriguez,2022
137.6290957668628,65.0,20.63906364094675,41.260882838338645,8583.534527051677,144.72201735246205,330.0,51.64179219016366,100.0,oco,shanghai,2018
147.96259177245648,62.0,18.134554292074643,42.36754407332269,8886.61067350134,175.10911780881383,325.0,63.138168050777104,100.0,oco,silverstone,2018
147.96259177245648,62.0,18.134554292074643,42.36754407332269,8886.61067350134,175.10911780881383,325.0,63.138168050777104,100.0,oco,silverstone,2020
148.15786227957267,47.5,21.09093603674713,35.00545023175519,8911.611211179268,166.2105233098033,323.5,58.003439473692595,100.0,oco,silverstone,2021
144.81069673149622,42.666666666666664,20.256974439834227,32.97793964454794,8760.140425880973,164.69761362126965,325.3333333333333,56.752667005324234,100.0,oco,silverstone,2022
131.1082025014879,35.0,13.341290928651233,59.39400728015614,8632.687850449145,138.29298718191697,328.0,47.18156805605416,100.0,oco,sochi,2018
131.1082025014879,35.0,13.341290928651233,59.39400728015614,8632.687850449145,138.29298718191697,328.0,47.18156805605416,100.0,oco,sochi,2020
131.69565652280042,35.0,14.382999385794342,54.7659292283345,8538.778206129526,140.59645624877567,332.0,48.36761757567877,100.0,oco,sochi,2021
146.3142676417821,43.0,31.39716507535186,24.024187946569825,9002.544647412775,168.36562457598126,336.0,53.315807307815234,100.0,oco,spa,2018
146.3142676417821,43.0,31.39716507535186,24.024187946569825,9002.544647412775,168.36562457598126,336.0,53.315807307815234,100.0,oco,spa,2020
146.76671131936135,44.5,36.13675792284537,16.41352172957328,9094.580401718864,167.14768051068233,336.5,53.46348202637941,100.0,oco,spa,2021
143.11913757985215,39.666666666666664,34.654190825337515,16.41370953790923,8908.352742468565,166.04422620131217,329.0,54.3660946823945,100.0,oco,spa,2022
136.47089338367016,44.0,22.130845069303003,30.617202905870847,8478.858237401237,153.97540842403671,321.0,46.10020571197431,100.0,oco,suzuka,2018
136.47089338367016,44.0,22.130845069303003,30.617202905870847,8478.858237401237,153.97540842403671,321.0,46.10020571197431,100.0,oco,suzuka,2022
116.03707806075127,42.0,22.474474350279458,33.90156037106786,8273.895679407171,166.01437553063897,331.0,56.750187658648805,100.0,oco,villeneuve,2018
116.03707806075127,42.0,22.474474350279458,33.90156037106786,8273.895679407171,166.01437553063897,331.0,56.750187658648805,100.0,oco,villeneuve,2022
108.52206372358548,42.0,16.40656679459871,39.928955144710066,8300.615539373654,132.5734303315186,336.0,43.003645546428174,100.0,oco,yas_marina,2018
108.52206372358548,42.0,16.40656679459871,39.928955144710066,8300.615539373654,132.5734303315186,336.0,43.003645546428174,100.0,oco,yas_marina,2020
108.48923170564632,44.5,17.225379992301548,35.74945761491059,8265.779587042962,132.75684016704795,330.5,43.69755966701857,100.0,oco,yas_marina,2021
119.08865478063858,38.666666666666664,25.11546550865131,31.09414435513109,8417.599379036652,135.2335414177703,329.0,44.34234986276516,100.0,oco,yas_marina,2022
132.32491798522778,21.0,51.5707194288547,4.269115922544774,8925.023088453421,143.89918620238228,314.0,39.45451008795826,100.0,oco,zandvoort,2021
132.32491798522778,21.0,51.5707194288547,4.269115922544774,8925.023088453421,143.89918620238228,314.0,39.45451008795826,100.0,oco,zandvoort,2022
124.99633861041502,52.0,19.709417126695254,24.678725361075376,8073.020881672098,154.7801575140182,325.0,50.79654055892832,100.0,ocon,austin,2023
146.4751958486926,47.0,30.183396205604442,23.49746161354746,8866.304057065601,151.0705522569171,330.0,57.216133772306605,100.0,ocon,barcelona,2023
121.16943833260598,21.0,11.658622532105143,42.37648389446958,8146.229293159785,144.30096688998765,316.0,55.08349037745643,100.0,ocon,budapest,2023
172.97255386100517,34.0,57.69808309243271,7.290683151280811,9472.09088266373,184.22191022168712,325.0,62.568316313541864,100.0,ocon,melbourne,2023
163.5751629319722,61.0,38.5576301289485,27.095945273364624,9179.377648313195,147.1475336619279,344.0,38.52832203138495,100.0,ocon,mexico_city,2023
100.42288423806684,38.0,26.909519913852378,18.721048052169465,7505.333437547216,146.80173644949105,325.0,44.22685149384191,100.0,ocon,montréal,2023
165.5083935837349,55.0,49.80397924677431,13.961222818150487,9155.45150877263,199.7841851628947,347.0,68.96223618330288,100.0,ocon,monza,2023
121.02880584680584,44.0,26.746058065748333,18.15215879933311,8314.929450540974,156.69981365503213,322.0,55.84420831538512,100.0,ocon,sakhir,2023
143.4480493314922,42.0,22.00889416416949,34.71979658402047,8582.702946185575,169.5254824955475,309.0,59.4020919203891,100.0,ocon,silverstone,2023
131.09684721612805,18.0,32.91360982734394,13.619479735583433,8366.77726920796,158.02626583972813,318.0,51.23960627081741,100.0,ocon,spa_francorchamps,2023
138.16702012149452,45.0,30.493018706668575,20.001487133858905,8487.958720374812,147.93440137544252,323.0,57.16360721635506,100.0,ocon,spielberg,2023
151.39331941625665,51.0,30.736333362958284,18.392381996467574,8726.33855847036,168.52620059595594,333.0,54.27534893481401,100.0,ocon,suzuka,2023
113.14223723402581,5.0,12.097186266167013,29.93864823624189,7665.032568464195,136.88273756557447,339.0,47.97698550980951,100.0,ocon,são_paulo,2023
116.96130057347305,48.0,46.41371050451106,8.688248917367911,8266.8185762803,153.21838535850677,306.0,39.04281644218237,100.0,ocon,zandvoort,2023
146.3206882266119,32.0,33.717327796059585,18.893600936346846,9544.487164135393,176.83984439824994,325.0,65.27112229518825,100.0,per,albert_park,2018
146.3206882266119,32.0,33.717327796059585,18.893600936346846,9544.487164135393,176.83984439824994,325.0,65.27112229518825,100.0,per,albert_park,2019
146.14082036239208,32.0,33.427913809051546,18.698715982947,9455.25229079806,174.82204587699044,324.5,63.84810312862527,100.0,per,albert_park,2022
125.06400066656634,55.0,18.494200839568276,31.924360078311505,8417.588163639104,149.54765967344704,322.0,53.67271241500345,100.0,per,americas,2018
125.06400066656634,55.0,18.494200839568276,31.924360078311505,8417.588163639104,149.54765967344704,322.0,53.67271241500345,100.0,per,americas,2019
131.66138828322883,60.0,23.788868067713622,28.009744317638386,8516.004036559792,163.42950460819787,323.0,54.726769800201765,100.0,per,americas,2021
127.70132883076023,58.0,21.350130747987226,26.739519405754624,8428.382881771491,157.94086382479182,321.6666666666667,52.92333737217999,100.0,per,americas,2022
134.43548720442246,52.0,24.194240968325047,33.373314964792044,8472.023352174403,161.97976377778699,328.0,61.77815618350366,100.0,per,bahrain,2018
134.43548720442246,52.0,24.194240968325047,33.373314964792044,8472.023352174403,161.97976377778699,328.0,61.77815618350366,100.0,per,bahrain,2019
128.51010313793267,52.0,24.344259518793034,29.25739116865157,8610.753288655464,161.55367289113605,327.0,59.67679377532348,100.0,per,bahrain,2020
125.86875716075197,46.0,23.64519607561868,26.37686975296342,8367.864389302506,159.8634537649402,327.0,57.120826197793754,100.0,per,bahrain,2021
124.29574193685968,45.75,21.12406462859484,28.102821637130628,8327.20884666072,155.17931948262088,323.75,54.07691602008394,100.0,per,bahrain,2022
130.12718115491072,30.0,13.869893054871447,51.36789228238951,8514.215288039532,148.4078807034909,329.0,55.15164669517151,100.0,per,catalunya,2018
130.12718115491072,30.0,13.869893054871447,51.36789228238951,8514.215288039532,148.4078807034909,329.0,55.15164669517151,100.0,per,catalunya,2019
131.16108350350373,38.0,17.00435187485315,42.76773412213723,8582.249460863826,151.08045040228734,327.5,56.694545594538134,100.0,per,catalunya,2020
126.10495002554012,35.0,15.07175248414835,38.65008937680265,8274.412067558022,143.20524524796386,327.3333333333333,52.82788098353959,100.0,per,catalunya,2021
127.8930416083146,32.0,15.336323501991593,40.017157404144555,8330.244127553753,139.59627136804494,325.0,49.61578648801386,100.0,per,catalunya,2022
132.61017545004563,33.0,27.036918201354023,26.7988986584095,8579.248368093191,150.85781754355824,330.0,55.48937370446945,100.0,per,hockenheimring,2018
132.61017545004563,33.0,27.036918201354023,26.7988986584095,8579.248368093191,150.85781754355824,330.0,55.48937370446945,100.0,per,hockenheimring,2019
121.82376059605205,50.0,12.340761125778242,47.94286923603534,8329.021055476369,158.02803049900166,324.0,49.42963356185879,100.0,per,hungaroring,2018
121.82376059605205,50.0,12.340761125778242,47.94286923603534,8329.021055476369,158.02803049900166,324.0,49.42963356185879,100.0,per,hungaroring,2019
123.30548790450771,50.0,14.641356326184663,34.19657005910241,8527.699738092464,151.99263431963755,324.0,48.502087050204764,100.0,per,hungaroring,2020
125.9071009698605,52.333333333333336,14.200393211013358,36.34278878766435,8488.107078215558,151.11065629935862,324.6666666666667,50.69080579127162,100.0,per,hungaroring,2021
123.59334258418501,48.75,13.099499228234299,34.561687442533625,8393.13950335495,146.00538636574979,321.75,48.917159494680014,100.0,per,hungaroring,2022
117.79369255550999,35.0,15.453448606691197,38.061151758941925,8324.461565178555,150.93198972968742,340.0,57.40144555212143,100.0,per,interlagos,2018
117.79369255550999,35.0,15.453448606691197,38.061151758941925,8324.461565178555,150.93198972968742,340.0,57.40144555212143,100.0,per,interlagos,2019
119.81964081606505,34.5,17.09340285506246,31.14254530287365,8401.57486000636,152.79955681408381,335.5,57.28824001889721,100.0,per,interlagos,2021
117.15049250703557,31.333333333333332,14.622962327340664,32.6150007263496,8281.52357673991,148.40521736534507,331.6666666666667,54.26149064811981,100.0,per,interlagos,2022
171.6523724031077,53.0,46.45998445823813,13.611472857796386,9797.81117827993,221.11738328813004,339.0,70.16107428217616,100.0,per,monza,2018
171.6523724031077,53.0,46.45998445823813,13.611472857796386,9797.81117827993,221.11738328813004,339.0,70.16107428217616,100.0,per,monza,2019
166.07646032319298,49.0,49.05572392075773,8.560466872491654,9776.460555943704,199.3988803938928,344.5,66.08240323795536,100.0,per,monza,2020
163.48187295435807,45.0,43.427855640646634,11.970510230725964,9486.501367909163,196.09831084739267,346.3333333333333,64.8886844270262,100.0,per,monza,2021
159.5665629625919,44.75,41.35673186576947,12.53578846664309,9370.733730387397,192.5790550684187,344.0,62.835410578454145,100.0,per,monza,2022
195.24303272278044,51.0,55.84542466875998,26.134557036122224,10054.047269045952,170.00502172078518,325.0,58.312133518815884,100.0,per,nurburgring,2020
145.8398177585926,56.0,20.579054382476937,32.314204704540344,8797.345329564687,171.00290737305147,328.0,55.87105571063853,100.0,per,red_bull_ring,2018
145.8398177585926,56.0,20.579054382476937,32.314204704540344,8797.345329564687,171.00290737305147,328.0,55.87105571063853,100.0,per,red_bull_ring,2019
145.00476775467718,57.0,20.59856485222268,29.438250711456686,8993.453511877862,171.30335962220846,327.5,57.9589269166847,100.0,per,red_bull_ring,2020
143.11031571403586,53.333333333333336,22.833715780400052,23.555690668854556,8903.00835941982,171.56404803752233,327.3333333333333,58.61582952852198,100.0,per,red_bull_ring,2021
139.95871251070065,45.5,21.801064594647933,22.804254483049203,8759.79245756965,168.3436772929102,326.25,56.2151067278625,100.0,per,red_bull_ring,2022
177.29765925927515,33.0,35.84647080025114,39.95873788967458,9309.123710647316,157.2865758184603,351.0,42.26271342541378,100.0,per,rodriguez,2018
177.29765925927515,33.0,35.84647080025114,39.95873788967458,9309.123710647316,157.2865758184603,351.0,42.26271342541378,100.0,per,rodriguez,2019
177.98230359816188,39.5,36.185112877852035,38.9676281298346,9376.024628265437,156.82556194974794,353.0,40.88311129316381,100.0,per,rodriguez,2021
175.20430938378817,41.666666666666664,35.893743671760866,36.18647128883847,9327.62827360762,153.2111272245415,349.3333333333333,39.53152030832923,100.0,per,rodriguez,2022
142.50150694287993,55.0,19.54661776402432,42.81042015785843,8707.28408263039,147.85195470863385,329.0,53.04258416180187,100.0,per,shanghai,2018
142.50150694287993,55.0,19.54661776402432,42.81042015785843,8707.28408263039,147.85195470863385,329.0,53.04258416180187,100.0,per,shanghai,2019
148.9162107103877,32.0,14.838946099171574,39.0850048230912,8536.39645325511,170.78141599353214,324.0,58.95705390053651,100.0,per,silverstone,2018
148.9162107103877,32.0,14.838946099171574,39.0850048230912,8536.39645325511,170.78141599353214,324.0,58.95705390053651,100.0,per,silverstone,2019
151.89897801198344,35.5,18.27653596011433,36.76791714914367,9004.69490972441,175.36841144925617,327.5,60.7557997539759,100.0,per,silverstone,2021
149.3900252393744,34.0,17.570275144681382,34.84605007536367,8846.877143925502,171.2535867370216,327.3333333333333,58.944928871742015,100.0,per,silverstone,2022
131.08795411754824,39.0,12.285205204670016,58.39350643144535,8637.280957595005,138.76536249744274,332.0,50.55023076744119,100.0,per,sochi,2018
131.08795411754824,39.0,12.285205204670016,58.39350643144535,8637.280957595005,138.76536249744274,332.0,50.55023076744119,100.0,per,sochi,2019
131.89912657677155,31.0,12.367944744262084,54.637093965040265,8496.424818266765,141.99468893908144,332.0,50.91594037632122,100.0,per,sochi,2020
131.5223550506923,20.666666666666668,12.564801875298954,52.410820692090034,8405.449169249825,134.9858291555223,331.0,48.551816864624875,100.0,per,sochi,2021
149.89616141828742,43.0,32.67858308059649,17.897126845882237,8934.555927538759,170.7997987087283,339.0,57.65104984489506,100.0,per,spa,2018
149.89616141828742,43.0,32.67858308059649,17.897126845882237,8934.555927538759,170.7997987087283,339.0,57.65104984489506,100.0,per,spa,2019
147.66276089460695,44.5,30.72012617565872,13.890466903253893,8913.852801927613,162.4038077504473,339.0,52.76804017504812,100.0,per,spa,2020
148.35124206903114,41.666666666666664,30.47081505590438,12.360180759175128,8904.876736605074,164.2946882816429,338.0,51.655372508945085,100.0,per,spa,2021
144.17671553508777,40.0,28.07020180684318,13.956779031725915,8852.119988427889,162.29492963157392,332.5,50.613327497800626,100.0,per,spa,2022
144.43866530082272,33.0,22.54909313555876,25.037060923579396,8626.474539426801,159.08815198038323,322.0,51.523754199922884,100.0,per,suzuka,2018
144.43866530082272,33.0,22.54909313555876,25.037060923579396,8626.474539426801,159.08815198038323,322.0,51.523754199922884,100.0,per,suzuka,2019
148.3135141422755,38.0,29.375885670675437,17.64971016125573,8865.642420946013,163.9026739507299,328.0,50.84910571747425,100.0,per,suzuka,2022
112.99351603915315,49.0,19.791426831581553,34.839921316946885,7839.272030765938,161.7628591416492,331.0,55.425207102355316,100.0,per,villeneuve,2018
112.99351603915315,49.0,19.791426831581553,34.839921316946885,7839.272030765938,161.7628591416492,331.0,55.425207102355316,100.0,per,villeneuve,2019
113.16896547831081,46.5,25.770947850396972,24.689174253139253,8167.716725850929,160.81807121500998,333.0,52.637761732876115,100.0,per,villeneuve,2022
108.88881918532049,35.0,16.38019564124116,39.14058049268564,8191.667830160041,132.0700731422066,333.0,45.06036236351759,100.0,per,yas_marina,2018
108.88881918532049,35.0,16.38019564124116,39.14058049268564,8191.667830160041,132.0700731422066,333.0,45.06036236351759,100.0,per,yas_marina,2019
106.67385363328277,17.5,18.885081690736364,34.44650055084744,7938.757540905759,130.80845418091496,330.5,42.65273533865716,100.0,per,yas_marina,2020
109.09221882575541,30.0,18.801386901230504,32.327319856038194,8062.587109848658,130.26750845473484,328.0,41.995878343159326,100.0,per,yas_marina,2021
122.02731683179542,28.25,26.182180475785184,28.68996977560019,8459.387463508934,137.75348922547494,328.25,43.28360572671666,100.0,per,yas_marina,2022
132.2960805774324,34.0,50.700932005928735,2.6137278800405324,9140.976459432422,140.09758017699608,330.0,38.0970919120748,100.0,per,zandvoort,2022
123.96812395869343,31.0,18.85591226435887,21.823659191262657,7963.225499547457,151.4322254077135,325.0,46.78804471699657,100.0,perez,austin,2023
148.8150319121097,0.0,32.62579171459798,24.30888781755289,9037.22253187612,149.48040589911224,332.0,50.408431751387425,100.0,perez,barcelona,2023
115.86545909747845,60.0,12.718880398476609,18.359898337773828,7990.151809918707,138.30727832918666,316.0,43.18814575357826,100.0,perez,budapest,2023
175.4227348198665,0.0,70.85686801247427,2.0766333478197883,9453.850414057912,209.97695915613048,327.0,72.28968424239784,100.0,perez,melbourne,2023
181.49077440375586,60.0,37.444722684464196,31.136853889774663,9474.661943381045,157.24369652183375,351.0,36.63842053871236,100.0,perez,mexico_city,2023
100.60940435903099,38.0,22.2243430558446,12.91239183098391,7218.49651124692,157.28936668047083,335.0,45.56641199692035,100.0,perez,montréal,2023
154.78918680694758,50.0,40.60833948244315,10.407958284274041,8839.366610790177,188.3765304656438,346.0,57.45674237668712,100.0,perez,monza,2023
124.85587770704925,51.0,23.254441204128018,22.082480899317044,8505.158147734404,139.13392630604974,327.0,44.49786090940101,100.0,perez,sakhir,2023
141.62261911757955,38.0,22.462109165483092,28.65640146891485,8511.324253589793,175.39509151248942,307.0,54.8123831091616,100.0,perez,silverstone,2023
137.40790004088726,30.0,29.928079832354126,10.471653542786187,8558.107401585781,165.18346355088974,341.0,54.35937408053787,100.0,perez,spa_francorchamps,2023
133.89582261657486,44.0,22.34927498980053,11.050672408391687,8250.777129802073,137.86686644281275,327.0,38.22769702502492,100.0,perez,spielberg,2023
154.47546933066977,65.0,23.881398207148653,18.406180330491146,8654.717796768173,168.57368919665203,335.0,50.7824921447582,100.0,perez,suzuka,2023
109.0525224975747,0.0,12.036684295459722,27.995614947145985,7740.080401036523,140.9109439359152,335.0,46.98920072047125,100.0,perez,são_paulo,2023
119.96470486328516,32.0,43.9000360155393,2.829463605671616,8435.734462444983,139.1652885641115,327.0,37.04771194014604,100.0,perez,zandvoort,2023
125.67630938268645,47.0,16.46056046126146,18.95267611534574,8286.694159065382,154.46326248981813,326.0,47.100360124002805,100.0,piastri,austin,2023
148.39094000256515,32.0,27.440910172161654,21.96364268332727,9463.952759956295,151.08537620571252,327.0,54.72298866098539,100.0,piastri,barcelona,2023
113.49783234845923,22.0,9.612503638655502,22.25807259245247,8299.229068124941,134.22630967233232,317.0,44.36246084117362,100.0,piastri,budapest,2023
169.33360041026816,33.0,53.895093519026354,2.547427798263919,9537.611992058763,181.59932499400836,321.0,58.12132954227693,100.0,piastri,melbourne,2023
183.60870030831757,50.0,34.431630735428584,30.910003333770863,9591.164073599515,163.27341202461974,349.0,39.90947656583494,100.0,piastri,mexico_city,2023
99.3105234328493,31.0,20.031250095959006,11.161733423203472,7929.750775450559,133.38428772656073,333.0,42.73942498289924,100.0,piastri,montréal,2023
158.32589841243038,54.0,37.517687649270584,7.658623762443189,9331.300866250245,191.05115443917904,344.0,59.231403916008325,100.0,piastri,monza,2023
122.69584349679965,45.0,23.685881116101964,16.94061021165096,8546.212449689494,137.1996397241405,319.0,47.03514523345604,100.0,piastri,sakhir,2023
143.69181432453553,33.0,17.166472465749802,19.205649955980167,9035.393950878088,167.54534479082997,320.0,53.493814910397354,100.0,piastri,silverstone,2023
142.30867356694804,18.0,31.433072568192685,9.663131246803994,9158.64607678525,167.8159321078959,327.0,52.65359852786957,100.0,piastri,spa_francorchamps,2023
128.64802723500307,39.0,22.511712152253804,8.6990685881326,8426.525142693847,157.3868795502747,322.0,47.51284532091276,100.0,piastri,spielberg,2023
155.69572718171025,59.0,24.228023613852848,17.021463923269483,9347.133542315054,167.54100088999812,332.0,48.85800293389743,100.0,piastri,suzuka,2023
112.57004578565586,18.0,9.719146596419794,23.394241238627842,7694.170522942228,133.79612455136854,332.0,45.48408893356758,100.0,piastri,são_paulo,2023
116.72112806898893,37.0,37.90774926497043,1.244274430863606,8696.080675717949,137.2024382062454,321.0,38.735244498763414,100.0,piastri,zandvoort,2023
147.1715917365352,43.0,40.32936697445443,14.971285701421824,8962.194225780533,175.83764841182295,324.0,63.79440747415747,100.0,rai,albert_park,2018
147.1715917365352,43.0,40.32936697445443,14.971285701421824,8962.194225780533,175.83764841182295,324.0,63.79440747415747,100.0,rai,albert_park,2019
125.67416199040059,50.0,21.007821524614567,23.072684357097824,7988.917865552527,157.18754444660868,329.0,57.76830256816475,100.0,rai,americas,2018
125.67416199040059,50.0,21.007821524614567,23.072684357097824,7988.917865552527,157.18754444660868,329.0,57.76830256816475,100.0,rai,americas,2019
129.03015261342972,51.5,22.523323650775943,25.51417043070746,8049.143114433988,158.99285077019846,327.5,58.5073659976497,100.0,rai,americas,2021
137.80747038415524,57.0,33.24926585350554,19.4081512285958,8578.080198863516,175.37541478179057,329.0,63.98724376422438,100.0,rai,bahrain,2018
137.80747038415524,57.0,33.24926585350554,19.4081512285958,8578.080198863516,175.37541478179057,329.0,63.98724376422438,100.0,rai,bahrain,2019
133.19788885364642,52.0,31.499581518810125,19.381210341229544,8456.13117930403,174.5204518414596,328.0,63.686321895570906,100.0,rai,bahrain,2020
131.57148083371862,49.333333333333336,30.996067762195207,18.663348791076505,8453.803816946247,171.1581957556672,327.6666666666667,63.09992912764466,100.0,rai,bahrain,2021
136.4510244127049,40.0,19.490437504441278,35.18135154915136,8500.168953037597,151.94110147993393,323.0,60.66223874154459,100.0,rai,catalunya,2018
136.4510244127049,40.0,19.490437504441278,35.18135154915136,8500.168953037597,151.94110147993393,323.0,60.66223874154459,100.0,rai,catalunya,2019
131.39342477305482,46.0,19.092726380824352,30.97307157054417,8413.630451884055,151.71148076345924,324.5,58.951685362018836,100.0,rai,catalunya,2020
130.57410753754235,40.666666666666664,17.66497405571285,33.981180572616296,8286.154972550301,149.3213359508587,325.0,57.962602950979374,100.0,rai,catalunya,2021
145.81648306971218,42.0,36.314132183952864,16.47057827847057,8837.571406963525,168.51044313727897,328.0,63.74374959550612,100.0,rai,hockenheimring,2018
145.81648306971218,42.0,36.314132183952864,16.47057827847057,8837.571406963525,168.51044313727897,328.0,63.74374959550612,100.0,rai,hockenheimring,2019
123.73236613929745,55.0,12.044156139891063,50.39867117571086,8333.507233673208,141.04297071406322,328.0,55.96544501766992,100.0,rai,hungaroring,2018
123.73236613929745,55.0,12.044156139891063,50.39867117571086,8333.507233673208,141.04297071406322,328.0,55.96544501766992,100.0,rai,hungaroring,2019
121.5250485641419,50.0,12.890555172673123,36.61972534034397,8154.919096969297,143.41582649253326,327.0,54.345456924945125,100.0,rai,hungaroring,2020
125.22522499924217,50.333333333333336,14.359493740781184,39.71060743260355,8283.84386710738,151.35340343727793,324.3333333333333,56.391475203126525,100.0,rai,hungaroring,2021
123.72465140049806,29.0,18.40405079377858,24.292356943532695,8086.593362897149,153.61671358276357,336.0,58.82772553497801,100.0,rai,interlagos,2018
123.72465140049806,29.0,18.40405079377858,24.292356943532695,8086.593362897149,153.61671358276357,336.0,58.82772553497801,100.0,rai,interlagos,2019
121.98158529039117,33.5,20.424557610473734,23.47464990576468,8132.826294015931,154.10004433750524,335.5,60.06403593884205,100.0,rai,interlagos,2021
168.6243693079627,53.0,41.289320850018996,15.083236027551166,9203.17798718255,201.00129255962284,347.0,69.81136326054097,100.0,rai,monza,2018
168.6243693079627,53.0,41.289320850018996,15.083236027551166,9203.17798718255,201.00129255962284,347.0,69.81136326054097,100.0,rai,monza,2019
163.88228827142643,26.5,46.07971872160982,11.148661919502683,9180.662106611338,196.64119285764707,348.0,69.30265628211211,100.0,rai,monza,2020
180.7565441844894,35.0,46.8585867462892,23.037016335991662,9568.699468647264,165.03100197297968,314.0,54.35200810770732,100.0,rai,nurburgring,2020
147.157649158812,45.0,23.957373528011825,19.342385412499706,8348.574636204066,174.285638357538,327.0,60.4212731075088,100.0,rai,red_bull_ring,2018
147.157649158812,45.0,23.957373528011825,19.342385412499706,8348.574636204066,174.285638357538,327.0,60.4212731075088,100.0,rai,red_bull_ring,2019
143.52038669187885,46.5,22.390010151483423,21.439998152309528,8445.957531147702,170.9922410734359,329.0,61.33415220966439,100.0,rai,red_bull_ring,2020
142.56721587196984,47.666666666666664,26.09368186271773,18.798050360175594,8552.054242817276,171.7854516069947,328.3333333333333,61.3895185945384,100.0,rai,red_bull_ring,2021
196.34419333462637,60.0,39.93066933064655,32.63573513513632,9539.69751799323,168.4552615220707,359.0,44.0105331112866,100.0,rai,rodriguez,2018
196.34419333462637,60.0,39.93066933064655,32.63573513513632,9539.69751799323,168.4552615220707,359.0,44.0105331112866,100.0,rai,rodriguez,2019
188.31095873517097,50.5,38.04221601899094,32.14552654862546,9232.451853373253,163.2340700121465,356.5,42.723846622176694,100.0,rai,rodriguez,2021
128.00131686226075,63.0,17.07984451924116,37.308187390327184,7958.546078343528,149.76248632587442,330.0,55.477714725634165,100.0,rai,shanghai,2018
128.00131686226075,63.0,17.07984451924116,37.308187390327184,7958.546078343528,149.76248632587442,330.0,55.477714725634165,100.0,rai,shanghai,2019
149.04085269089813,68.0,24.363108122612502,28.287462211776653,8603.492231483997,166.9935294245202,327.0,62.165378308716555,100.0,rai,silverstone,2018
149.04085269089813,68.0,24.363108122612502,28.287462211776653,8603.492231483997,166.9935294245202,327.0,62.165378308716555,100.0,rai,silverstone,2019
150.18876801273132,60.5,24.68874905638473,25.297243864239103,8654.634819242272,174.90150755018553,330.5,63.26118767347797,100.0,rai,silverstone,2020
151.72307335181546,57.0,26.434773048401254,24.635367251634335,8608.83075279942,177.27280021446813,326.0,65.4466022377083,100.0,rai,silverstone,2021
138.52368733481254,46.0,14.105037446814782,53.32119221372057,8208.36280888527,148.65578696063395,330.0,53.24107223313019,100.0,rai,sochi,2018
138.52368733481254,46.0,14.105037446814782,53.32119221372057,8208.36280888527,148.65578696063395,330.0,53.24107223313019,100.0,rai,sochi,2019
147.87439607330924,50.0,20.86413534627078,51.79784167017371,8499.058762761404,156.6203308868351,330.0,52.481903004530764,100.0,rai,sochi,2020
142.23720335045587,49.333333333333336,20.760567650211183,47.487518408394585,8339.369075293129,148.09387028179935,328.3333333333333,50.262584150657,100.0,rai,sochi,2021
159.1154745596888,50.0,39.04915686426508,15.057299716244389,9304.69708202005,178.87132442549637,345.0,61.00722691513917,100.0,rai,spa,2018
159.1154745596888,50.0,39.04915686426508,15.057299716244389,9304.69708202005,178.87132442549637,345.0,61.00722691513917,100.0,rai,spa,2019
158.09150906827273,43.0,38.89110209997398,13.445245104913269,9095.824384548534,175.6381011099283,342.5,58.24194609535609,100.0,rai,spa,2020
156.45627428133912,40.666666666666664,37.5942754343917,13.349730496847139,9046.521966329843,173.29830571773786,340.0,58.64678466204416,100.0,rai,spa,2021
161.22626644371223,38.0,27.256214307006616,26.07877337198106,8824.21331136666,176.656621556983,327.0,61.885729964197644,100.0,rai,suzuka,2018
161.22626644371223,38.0,27.256214307006616,26.07877337198106,8824.21331136666,176.656621556983,327.0,61.885729964197644,100.0,rai,suzuka,2019
118.57049804533901,33.0,26.763583220072647,19.521700293430193,8171.9351763484065,169.84864715565973,328.0,54.454506568938136,100.0,rai,villeneuve,2018
118.57049804533901,33.0,26.763583220072647,19.521700293430193,8171.9351763484065,169.84864715565973,328.0,54.454506568938136,100.0,rai,villeneuve,2019
113.43765578542427,32.0,15.851069861369421,36.15910939131148,7979.379047115274,137.06727450267735,339.0,46.46694858356346,100.0,rai,yas_marina,2018
113.43765578542427,32.0,15.851069861369421,36.15910939131148,7979.379047115274,137.06727450267735,339.0,46.46694858356346,100.0,rai,yas_marina,2019
113.45513376325398,41.5,19.135770306740042,33.40582457361714,7937.525453359197,139.19937584667406,331.5,48.390331274694304,100.0,rai,yas_marina,2020
111.11857421791497,36.666666666666664,18.849372440348677,33.17708173116545,7851.915398522353,135.7036769969612,331.0,47.8774976783254,100.0,rai,yas_marina,2021
142.24588500579296,52.0,28.942447991270633,15.975849573012926,9462.426309030567,165.51463971338669,313.0,59.522740013502094,100.0,ric,albert_park,2018
142.24588500579296,52.0,28.942447991270633,15.975849573012926,9462.426309030567,165.51463971338669,313.0,59.522740013502094,100.0,ric,albert_park,2019
140.52217984354286,49.5,29.675580659813093,11.113097002011274,9282.816743111785,164.23732980619812,316.0,56.49645981077761,100.0,ric,albert_park,2022
128.29724102832535,57.0,19.617934959144012,23.090671405986466,8845.563150361982,154.1744868645807,316.0,57.39060472606108,100.0,ric,americas,2018
128.29724102832535,57.0,19.617934959144012,23.090671405986466,8845.563150361982,154.1744868645807,316.0,57.39060472606108,100.0,ric,americas,2019
125.36900931524875,56.0,20.355191058485218,18.737836963608075,8992.087516381402,150.97070157282369,321.5,55.57690725995702,100.0,ric,americas,2021
121.58434368647794,53.666666666666664,17.884960969901815,17.625726084029584,8991.127264555393,147.62615380924262,322.3333333333333,52.329219661395975,100.0,ric,americas,2022
128.61181787311006,51.0,21.939994789231186,20.71926198382195,8825.834918894174,159.17245679380096,322.0,56.00552057979666,100.0,ric,bahrain,2018
128.61181787311006,51.0,21.939994789231186,20.71926198382195,8825.834918894174,159.17245679380096,322.0,56.00552057979666,100.0,ric,bahrain,2019
123.37625368365386,49.0,23.304715277478863,16.003724572222445,8817.895638698486,160.0262207832106,325.5,55.22850995161107,100.0,ric,bahrain,2020
123.11122738327371,49.666666666666664,22.954679041270683,14.171905376421146,8835.385501937462,157.7918151267704,327.0,53.677352278450776,100.0,ric,bahrain,2021
120.55006978068339,49.0,20.306490555601034,14.816505825439313,8789.79489838461,154.84081046010002,325.0,52.4533002144644,100.0,ric,bahrain,2022
135.26408570975178,61.0,14.029412258861324,38.875870561090565,9207.435632126226,154.08749307648242,321.0,61.53179343132551,100.0,ric,catalunya,2018
135.26408570975178,61.0,14.029412258861324,38.875870561090565,9207.435632126226,154.08749307648242,321.0,61.53179343132551,100.0,ric,catalunya,2019
129.34343877708062,45.5,19.212864321175978,26.659121464135985,9148.430167894963,151.21762896758662,323.5,58.95908677387466,100.0,ric,catalunya,2020
128.47525594271198,37.0,16.851140874667724,25.575719547205363,9050.78798979534,147.50570932072344,324.0,55.125992925555835,100.0,ric,catalunya,2021
129.95142967508775,36.75,16.515256616345333,24.95150888998795,9042.456897130869,144.07250230610055,323.0,52.50975312163585,100.0,ric,catalunya,2022
132.0558209066698,46.0,29.1271295112854,21.45535147868689,8914.00409693756,171.78319693160174,314.0,59.80652329730292,100.0,ric,hockenheimring,2018
132.0558209066698,46.0,29.1271295112854,21.45535147868689,8914.00409693756,171.78319693160174,314.0,59.80652329730292,100.0,ric,hockenheimring,2019
127.2395797012094,51.0,4.475466833003078,53.58400204492916,8660.77503827573,141.41169495788876,313.0,44.72459424111186,100.0,ric,hungaroring,2018
127.2395797012094,51.0,4.475466833003078,53.58400204492916,8660.77503827573,141.41169495788876,313.0,44.72459424111186,100.0,ric,hungaroring,2019
124.9851806384281,55.5,12.91353210891994,34.734462920414025,8804.939007870023,145.04817715843598,318.5,49.734937858749966,100.0,ric,hungaroring,2020
125.77201364985581,42.333333333333336,11.190007810336782,32.61843028698218,8889.502102710081,146.22550754313338,319.0,51.66988083784889,100.0,ric,hungaroring,2021
121.90921034335828,39.5,10.075158089682283,28.57318208789003,8715.913641642648,141.23341465175668,318.5,49.19045375934785,100.0,ric,hungaroring,2022
121.99316971647791,43.0,13.346839441189555,23.836856213822394,8971.007818325894,150.49387091988964,326.0,59.33924553113653,100.0,ric,interlagos,2018
121.99316971647791,43.0,13.346839441189555,23.836856213822394,8971.007818325894,150.49387091988964,326.0,59.33924553113653,100.0,ric,interlagos,2019
119.77228127975562,46.0,15.30170837145798,15.599955658177961,8813.235706712883,150.68190389853737,328.5,55.58224895800832,100.0,ric,interlagos,2021
118.42757771914843,35.333333333333336,12.901300287872383,17.319703447508818,8743.897965637352,147.90751637904293,327.0,54.95890379148914,100.0,ric,interlagos,2022
172.7262507491555,51.0,43.73980618277059,5.334921153816217,9527.881195953782,213.29234089144936,334.0,66.27675634397161,100.0,ric,monza,2018
172.7262507491555,51.0,43.73980618277059,5.334921153816217,9527.881195953782,213.29234089144936,334.0,66.27675634397161,100.0,ric,monza,2019
166.41956965454736,47.0,45.60472998609173,4.886387179193546,9661.627177157838,198.51798670952607,341.5,62.52288018495297,100.0,ric,monza,2020
161.36126029168713,49.333333333333336,40.86070095747266,7.358750850019312,9596.887240066137,192.80684108496646,343.3333333333333,61.52138815052649,100.0,ric,monza,2021
159.07314623183913,48.5,39.299430753748894,6.723400263141267,9588.551016112922,190.04595576525577,342.5,60.59772917193729,100.0,ric,monza,2022
193.52062301323502,56.0,54.373210658450034,20.546007382060132,10201.2661643372,167.3766474172685,317.0,55.71655118082786,100.0,ric,nurburgring,2020
149.78290542052633,54.0,24.765703157099686,21.541197880999224,9196.687088227713,180.45195132149092,322.0,68.47898893522917,100.0,ric,red_bull_ring,2018
149.78290542052633,54.0,24.765703157099686,21.541197880999224,9196.687088227713,180.45195132149092,322.0,68.47898893522917,100.0,ric,red_bull_ring,2019
142.45218150450904,55.5,26.772639379985087,15.792624949938705,9187.575233907233,175.3226376694313,323.5,64.64366075373096,100.0,ric,red_bull_ring,2020
140.55179415725243,51.666666666666664,28.001773828460543,12.172779109087289,9217.070288224211,172.65047150876424,324.0,61.45336346941237,100.0,ric,red_bull_ring,2021
137.15626978453608,46.5,25.496987633548823,11.938590279211127,9039.347984414333,168.78724761051222,323.25,59.67321375577563,100.0,ric,red_bull_ring,2022
185.79240591691058,62.0,39.671663425005434,26.7014585025592,9848.973293443982,160.39050053782424,342.0,43.223990471599635,100.0,ric,rodriguez,2018
185.79240591691058,62.0,39.671663425005434,26.7014585025592,9848.973293443982,160.39050053782424,342.0,43.223990471599635,100.0,ric,rodriguez,2019
179.14170270102107,47.0,39.40862922424199,23.802929900185333,9787.843720452218,158.33686921924715,347.5,41.66362025092904,100.0,ric,rodriguez,2021
175.09884300948002,34.333333333333336,38.0648699245309,22.375456945886423,9811.177322702795,154.30079108720597,349.3333333333333,41.60109614466524,100.0,ric,rodriguez,2022
136.32823132582323,55.0,14.03433970140235,37.997495900022216,8846.548891527276,147.4476750869914,324.0,49.375201444251914,100.0,ric,shanghai,2018
136.32823132582323,55.0,14.03433970140235,37.997495900022216,8846.548891527276,147.4476750869914,324.0,49.375201444251914,100.0,ric,shanghai,2019
146.08912626535468,63.0,9.959259074566821,27.205075652471876,9013.899234942259,164.43857465450884,319.0,58.547071328317315,100.0,ric,silverstone,2018
146.08912626535468,63.0,9.959259074566821,27.205075652471876,9013.899234942259,164.43857465450884,319.0,58.547071328317315,100.0,ric,silverstone,2019
146.20462914560684,60.5,15.750672637820202,23.871335565182477,9146.67602051578,171.57277334205963,329.0,61.73339153885123,100.0,ric,silverstone,2020
148.97400646594375,57.0,16.586274268785456,22.911223505028442,9183.489986522845,172.23610252568878,328.0,61.822744889096604,100.0,ric,silverstone,2021
145.3563050539356,48.25,15.92890886311277,20.574799305569393,8995.770981248372,170.5692020475958,327.75,60.94244979052684,100.0,ric,silverstone,2022
131.3790203263637,60.0,19.681608412701618,37.65049313470673,9194.26834344759,146.66194265791427,320.0,43.609806806302636,100.0,ric,sochi,2018
131.3790203263637,60.0,19.681608412701618,37.65049313470673,9194.26834344759,146.66194265791427,320.0,43.609806806302636,100.0,ric,sochi,2019
134.40405325640157,54.0,16.806164427491698,36.51288978349547,9215.55361073077,147.39896492077676,325.5,47.45928887254705,100.0,ric,sochi,2020
136.37768885685384,53.0,15.57514677432196,34.85219530425764,9237.26543352465,146.52363376900212,328.0,46.41045590852307,100.0,ric,sochi,2021
148.83020544534574,46.0,29.545615098631373,12.734164736763391,9183.657184115293,171.97939293270818,332.0,58.104381081859145,100.0,ric,spa,2018
148.83020544534574,46.0,29.545615098631373,12.734164736763391,9183.657184115293,171.97939293270818,332.0,58.104381081859145,100.0,ric,spa,2019
144.90454592077845,23.0,33.63904780287535,8.788854851344704,9072.076534749767,166.18866648236462,336.0,52.64385227379852,100.0,ric,spa,2020
145.52773576301618,32.0,33.747022688595365,8.162034791575595,9276.469779708075,165.29579862083287,336.3333333333333,52.411192759011776,100.0,ric,spa,2021
140.8741092008052,30.75,31.47750071233535,9.150214575002778,9090.252770145125,162.88129012522796,331.25,51.88585116965984,100.0,ric,spa,2022
160.46996346030144,53.0,35.04297502158049,11.0956475782158,9181.050498744338,178.04645576255223,309.0,50.738643849644525,100.0,ric,suzuka,2018
160.46996346030144,53.0,35.04297502158049,11.0956475782158,9181.050498744338,178.04645576255223,309.0,50.738643849644525,100.0,ric,suzuka,2019
155.98881236096582,56.5,37.4928698468116,8.89654987078196,9329.86608340752,165.65537218721613,320.0,50.751473697742874,100.0,ric,suzuka,2022
114.66905109047678,47.0,24.03939141497272,16.467623537587933,8814.124108305401,164.6861921339967,327.0,54.221764249154226,100.0,ric,villeneuve,2018
114.66905109047678,47.0,24.03939141497272,16.467623537587933,8814.124108305401,164.6861921339967,327.0,54.221764249154226,100.0,ric,villeneuve,2019
114.05255500547322,47.0,30.195992049460855,13.16009122583926,8926.033912576706,160.95405088124298,331.0,52.40189288172631,100.0,ric,villeneuve,2022
109.37007042761421,56.0,13.182828364271787,30.955921632764067,8856.087918237532,128.39144970757687,326.0,40.49220758041173,100.0,ric,yas_marina,2018
109.37007042761421,56.0,13.182828364271787,30.955921632764067,8856.087918237532,128.39144970757687,326.0,40.49220758041173,100.0,ric,yas_marina,2019
108.87277983729875,54.0,16.375513248931263,22.816171979928143,8711.621359838618,132.26034726954458,328.5,41.62743604396134,100.0,ric,yas_marina,2020
110.41015830550712,55.333333333333336,16.486030323449924,21.62124288311644,8672.052657117965,133.2090568400032,328.3333333333333,41.8794778834316,100.0,ric,yas_marina,2021
117.57968761172262,41.5,23.771703247488354,20.657651404416576,8754.45751189932,136.88404328359672,327.0,42.95606376812198,100.0,ric,yas_marina,2022
128.65654070613698,34.0,45.672668317655834,2.9711173906365578,9275.500565781093,122.39631507607234,317.0,45.11394019760835,100.0,ric,zandvoort,2021
128.65654070613698,34.0,45.672668317655834,2.9711173906365578,9275.500565781093,122.39631507607234,317.0,45.11394019760835,100.0,ric,zandvoort,2022
123.28679641608166,51.0,22.335103943438586,14.637325488376318,8326.922132275933,152.44941706306813,321.0,50.92386213950032,100.0,ricciardo,austin,2023
116.97171263113013,52.0,11.392060967663022,20.011815771682496,8461.27629082808,138.25451330175264,311.0,49.61066498706913,100.0,ricciardo,budapest,2023
184.5999552245752,61.0,34.90237224786247,21.110844849552304,9598.301073530212,158.2558010093905,355.0,39.64844944309081,100.0,ricciardo,mexico_city,2023
132.79435667844413,42.0,31.206115982827768,8.65304536022484,8620.630036167962,160.0067211737058,316.0,50.5267097508114,100.0,ricciardo,spa_francorchamps,2023
115.51388704362648,26.0,13.05809405900229,18.87331990433143,7973.258448768821,135.36641816475267,334.0,43.90216628476818,100.0,ricciardo,são_paulo,2023
147.5136589686366,40.0,41.942989677948546,8.72811663603776,8933.927279205138,175.41193757745992,319.0,65.15154064759707,100.0,rus,albert_park,2019
147.5136589686366,40.0,41.942989677948546,8.72811663603776,8933.927279205138,175.41193757745992,319.0,65.15154064759707,100.0,rus,albert_park,2022
134.70931200289692,37.0,26.696482730687737,29.01470374181283,8628.069313111564,164.60095890547242,325.0,58.11380702287025,100.0,rus,americas,2019
134.70931200289692,37.0,26.696482730687737,29.01470374181283,8628.069313111564,164.60095890547242,325.0,58.11380702287025,100.0,rus,americas,2021
125.22062720442517,43.0,22.71759358418018,23.01324733421231,8528.617315314938,154.17597847058718,323.5,55.14045052080323,100.0,rus,americas,2022
127.66966204483019,45.0,34.495812605669755,15.005742674822793,8548.72134767782,171.993605320129,326.0,64.30697885670206,100.0,rus,bahrain,2019
127.66966204483019,45.0,34.495812605669755,15.005742674822793,8548.72134767782,171.993605320129,326.0,64.30697885670206,100.0,rus,bahrain,2020
125.91109768170045,46.0,30.54916127410631,16.195898606974055,8345.487837833038,164.88363347922802,327.0,58.54594459665894,100.0,rus,bahrain,2021
122.34212020284781,46.333333333333336,26.89407938300479,16.30246652078342,8087.463761717314,160.8334893672355,324.6666666666667,57.26246499157573,100.0,rus,bahrain,2022
126.1646017426487,0.0,20.423066402013674,21.59846973818101,8473.922942980858,150.65920626507082,320.0,54.478092474909715,100.0,rus,catalunya,2019
126.1646017426487,0.0,20.423066402013674,21.59846973818101,8473.922942980858,150.65920626507082,320.0,54.478092474909715,100.0,rus,catalunya,2020
126.26251668288009,12.5,18.366057985986096,28.064046404402255,8376.46533955952,149.37465043886644,322.5,54.465511144915645,100.0,rus,catalunya,2021
127.9102015789507,23.0,18.679187103297163,28.43304236150458,8472.146381218708,144.7520061550315,321.6666666666667,53.21697062957452,100.0,rus,catalunya,2022
132.0619078638896,35.0,30.168011864626422,19.93699845740881,8708.395799542748,161.32061089961562,333.0,57.81455729996503,100.0,rus,hockenheimring,2019
125.42605136355365,54.0,17.305451006212916,24.150373123270032,8629.202082596712,147.7582914296476,322.0,51.170465523757464,100.0,rus,hungaroring,2019
125.42605136355365,54.0,17.305451006212916,24.150373123270032,8629.202082596712,147.7582914296476,322.0,51.170465523757464,100.0,rus,hungaroring,2020
127.37892144053274,55.5,13.21575241207594,33.83395117216907,8611.752521154995,148.33441041588242,321.0,55.32977054089953,100.0,rus,hungaroring,2021
122.52848873879317,51.333333333333336,11.625925517605216,31.32498500497937,8365.36808516415,145.79008026491852,319.3333333333333,53.05696522047174,100.0,rus,hungaroring,2022
127.12294425158649,53.0,21.35418788154014,21.34973337444086,8507.439654829635,155.04926086221758,330.0,57.33251759258039,100.0,rus,interlagos,2019
127.12294425158649,53.0,21.35418788154014,21.34973337444086,8507.439654829635,155.04926086221758,330.0,57.33251759258039,100.0,rus,interlagos,2021
119.88967315928116,46.5,18.266328397499937,20.073666946649016,8568.186254169723,148.2318980671562,328.0,53.514118642219465,100.0,rus,interlagos,2022
158.78062651385937,51.0,49.116692379876326,10.821881243008,9707.891689138984,181.9220728755448,345.0,55.51782175399089,100.0,rus,monza,2019
158.78062651385937,51.0,49.116692379876326,10.821881243008,9707.891689138984,181.9220728755448,345.0,55.51782175399089,100.0,rus,monza,2020
162.40698796892548,52.5,49.99211180703538,9.555492619376526,9602.910874164441,192.34955931300271,348.0,66.40059624105592,100.0,rus,monza,2021
157.73146831605897,47.333333333333336,47.197386277445595,8.54609327707867,9454.534262719424,190.9614693868223,346.3333333333333,66.94784514317011,100.0,rus,monza,2022
179.01593333781346,43.0,51.30573793046726,18.04372803939417,9642.760927461599,165.34546662450632,318.0,54.7790030611879,100.0,rus,nurburgring,2020
139.29716022760192,47.0,26.21640079292924,17.28028209611235,8791.522987063358,180.603645450859,330.0,59.70398704983605,100.0,rus,red_bull_ring,2019
139.29716022760192,47.0,26.21640079292924,17.28028209611235,8791.522987063358,180.603645450859,330.0,59.70398704983605,100.0,rus,red_bull_ring,2020
141.5808020955274,49.0,31.18299146679489,12.590796550249344,8822.204695906737,177.9448534184428,328.0,59.20090449342962,100.0,rus,red_bull_ring,2021
136.7300845870233,43.666666666666664,28.023049982327702,12.179818518745813,8581.015789620962,172.40392961177454,326.6666666666667,59.85363333176369,100.0,rus,red_bull_ring,2022
173.95871864070804,32.0,32.21201039010646,33.24482707101822,9243.79061020864,158.7742172469422,353.0,38.212508307420975,100.0,rus,rodriguez,2019
173.95871864070804,32.0,32.21201039010646,33.24482707101822,9243.79061020864,158.7742172469422,353.0,38.212508307420975,100.0,rus,rodriguez,2021
171.1771516346417,24.5,36.38260700948905,32.53769639772491,9298.014922604612,152.41976618724607,349.0,40.33288928362953,100.0,rus,rodriguez,2022
127.68701200992344,66.0,15.821941350346739,38.82482966687511,8497.834563709044,150.56084220229212,323.0,49.535198814204,100.0,rus,shanghai,2019
156.7554833334976,61.0,24.51832476052664,26.624847994436177,9255.94780250987,192.192046416576,330.0,65.7673555203745,100.0,rus,silverstone,2019
156.7554833334976,61.0,24.51832476052664,26.624847994436177,9255.94780250987,192.192046416576,330.0,65.7673555203745,100.0,rus,silverstone,2020
152.4435912463103,49.0,24.213179186649388,22.856175756424044,8967.215715233067,180.98970463441054,324.5,61.23825823792797,100.0,rus,silverstone,2021
147.30311327862327,43.333333333333336,21.332702156803144,20.491992717184385,8743.457795280729,173.86647570134846,325.0,59.0070109863292,100.0,rus,silverstone,2022
135.8989684367482,40.0,18.241628753810765,43.218608990161975,8738.214973583797,137.73184355607657,331.0,40.30451191188596,100.0,rus,sochi,2019
135.8989684367482,40.0,18.241628753810765,43.218608990161975,8738.214973583797,137.73184355607657,331.0,40.30451191188596,100.0,rus,sochi,2020
132.19427922516576,48.0,15.224750940241588,41.46376776597239,8563.204666063022,138.7190474717204,333.0,44.971527507109094,100.0,rus,sochi,2021
144.01670767237678,34.0,41.52409853155529,8.240168318227878,9090.446034150804,156.71205471346713,333.0,47.90119661566261,100.0,rus,spa,2019
144.01670767237678,34.0,41.52409853155529,8.240168318227878,9090.446034150804,156.71205471346713,333.0,47.90119661566261,100.0,rus,spa,2020
149.1547001716579,34.0,42.62176922524522,8.020049271587123,9215.505128890101,164.55973433964806,333.5,53.59805891977298,100.0,rus,spa,2021
143.34011764680716,25.666666666666668,38.16914315340241,9.378672558676406,8986.02260694652,162.5584825169751,327.6666666666667,53.427760463729726,100.0,rus,spa,2022
161.7091416822622,59.0,38.50636310231137,13.305733630895137,9290.800140360525,166.5202356228585,329.0,60.33820487652406,100.0,rus,suzuka,2019
161.7091416822622,59.0,38.50636310231137,13.305733630895137,9290.800140360525,166.5202356228585,329.0,60.33820487652406,100.0,rus,suzuka,2022
112.71400077875515,40.0,32.77683836002137,14.563162046742214,8608.520021112929,160.87515333075626,331.0,49.49187380066354,100.0,rus,villeneuve,2019
112.71400077875515,40.0,32.77683836002137,14.563162046742214,8608.520021112929,160.87515333075626,331.0,49.49187380066354,100.0,rus,villeneuve,2022
107.47356907844771,50.0,22.544260741993096,19.34764288737201,8116.661605897798,137.04118951891937,330.0,44.796889998821925,100.0,rus,yas_marina,2019
107.47356907844771,50.0,22.544260741993096,19.34764288737201,8116.661605897798,137.04118951891937,330.0,44.796889998821925,100.0,rus,yas_marina,2020
108.75421792033816,44.0,19.397157694081066,23.818968742724778,7943.7945176488065,136.87416367463572,327.5,44.52674082086465,100.0,rus,yas_marina,2021
120.30773619722272,38.666666666666664,28.5153706164602,21.400475477613146,8505.245968614141,141.82822254816327,327.3333333333333,44.06382355639963,100.0,rus,yas_marina,2022
118.66207344386687,0.0,47.62163499624176,6.286037531587761,8838.36593525611,146.34578121759125,313.0,45.810296260701165,100.0,rus,zandvoort,2021
118.66207344386687,0.0,47.62163499624176,6.286037531587761,8838.36593525611,146.34578121759125,313.0,45.810296260701165,100.0,rus,zandvoort,2022
122.72580482209084,53.0,18.666782717187452,21.39038048283383,8111.127265704904,149.86869178942547,321.0,52.734655922309166,100.0,russell,austin,2023
149.37289604139076,39.0,31.247240485210185,26.842208932089314,9060.875354383392,159.17636003029548,334.0,62.46737710518287,100.0,russell,barcelona,2023
115.41118202529204,33.0,11.99452362467012,18.489953247405758,7880.370290816194,137.1599936543811,314.0,44.493102765654115,100.0,russell,budapest,2023
175.22539871422265,63.0,59.50941230535514,3.598337427546058,9629.243525656404,190.10957964756727,325.0,66.97548955520536,100.0,russell,melbourne,2023
179.907711145586,25.0,38.30882032702084,30.858456662173403,9307.54012398813,157.37871133176722,346.0,43.03353184987267,100.0,russell,mexico_city,2023
98.48183458337618,35.0,23.696864360392276,10.567770721709786,7593.350938789772,142.6075997343263,324.0,46.22021965644019,100.0,russell,montréal,2023
155.8047249634126,53.0,40.70603279799804,10.34296847768784,8921.845499941315,191.01751940881852,341.0,64.22037935309113,100.0,russell,monza,2023
118.98782003504793,44.0,25.29184417634803,17.829922567430444,7979.53219545467,154.94463770900327,322.0,54.48814872889493,100.0,russell,sakhir,2023
141.31887346943,65.0,20.533426832807116,21.421762150285655,8610.849675383804,170.3547691028888,323.0,61.59122369755222,100.0,russell,silverstone,2023
141.45916513446355,11.0,36.315339439452934,10.78893138150353,8776.99166757872,170.31489876874787,332.0,60.60950379527578,100.0,russell,spa_francorchamps,2023
136.58678527402702,47.0,30.28666511593547,10.010319898307646,8583.55272197059,168.03842501229917,324.0,57.59101739149649,100.0,russell,spielberg,2023
153.7277564684279,60.0,30.4725507207089,13.28714971875591,8897.184476262115,167.23193855019065,326.0,56.52841792815443,100.0,russell,suzuka,2023
111.05044052390912,15.0,10.864826659111987,23.737870043311517,7779.932414339246,138.94687453088457,328.0,50.589238235587835,100.0,russell,são_paulo,2023
118.59774706758114,25.0,46.38043881728727,3.504640080444162,8944.42013748038,140.18430042094627,320.0,42.53735603968829,100.0,russell,zandvoort,2023
139.61240167019804,31.0,32.691042628821165,21.34240274049727,9107.143082659126,165.32242129610435,313.0,57.71761546777758,100.0,sai,albert_park,2018
139.61240167019804,31.0,32.691042628821165,21.34240274049727,9107.143082659126,165.32242129610435,313.0,57.71761546777758,100.0,sai,albert_park,2019
140.81594426730499,45.5,36.35066795598678,16.594064347079424,9218.194606418598,167.17212215564558,318.0,56.366385821395454,100.0,sai,albert_park,2022
126.81189914936235,31.0,19.303032570053443,29.736836821716167,8028.980370478201,150.56408013008695,318.0,48.9397691795156,100.0,sai,americas,2018
126.81189914936235,31.0,19.303032570053443,29.736836821716167,8028.980370478201,150.56408013008695,318.0,48.9397691795156,100.0,sai,americas,2019
126.16338047006163,32.0,18.94734682083402,25.242251703689895,8303.426405640097,149.24777233064412,323.5,49.493942919807324,100.0,sai,americas,2021
122.8871626597673,32.0,19.459375989840478,23.449643726742025,8164.023816689355,144.68041798134928,323.6666666666667,48.76213382477818,100.0,sai,americas,2022
124.31563488701538,47.0,19.938013622495074,38.13350323428659,8778.259061312627,158.73932306902523,323.0,54.082370635362444,100.0,sai,bahrain,2018
124.31563488701538,47.0,19.938013622495074,38.13350323428659,8778.259061312627,158.73932306902523,323.0,54.082370635362444,100.0,sai,bahrain,2019
124.70573135085652,42.5,24.092237442834946,32.126494466233105,8710.249213483428,160.34448054406627,323.5,56.218231185778414,100.0,sai,bahrain,2020
122.65375261258659,28.333333333333332,25.9507640553588,29.570653456185585,8432.777573672987,155.58798066866925,324.3333333333333,54.71404082708551,100.0,sai,bahrain,2021
121.36346563694563,28.5,24.10525793286667,29.01274111043774,8344.958105146732,152.60195101373125,322.0,54.004368158244375,100.0,sai,bahrain,2022
131.6170216633022,31.0,16.60720579486481,42.6457995122727,8701.519266721956,145.2865085405519,317.0,56.2433565637834,100.0,sai,catalunya,2018
131.6170216633022,31.0,16.60720579486481,42.6457995122727,8701.519266721956,145.2865085405519,317.0,56.2433565637834,100.0,sai,catalunya,2019
130.3760309118266,31.0,19.547880296932192,34.04798127833539,8773.175493219038,145.57758162998155,321.5,54.062885494916216,100.0,sai,catalunya,2020
127.63368696161496,25.333333333333332,17.081802978502367,34.28826929007703,8615.243322112708,143.12859513795703,324.6666666666667,52.5799709382591,100.0,sai,catalunya,2021
131.72190929850987,27.5,18.375756808091896,34.81963998775272,8767.753673678382,142.0069720371744,324.0,51.94648423119922,100.0,sai,catalunya,2022
130.910140274563,43.0,27.62410504649135,20.649478895731043,8865.55746696025,151.79282584442566,321.0,53.13574657069887,96.87346502936467,sai,hockenheimring,2018
130.910140274563,43.0,27.62410504649135,20.649478895731043,8865.55746696025,151.79282584442566,321.0,53.13574657069887,96.87346502936467,sai,hockenheimring,2019
117.75062842311803,28.0,6.478232445120859,51.013784080139814,8102.612152569243,135.23594791310157,313.0,46.03610261231234,100.0,sai,hungaroring,2018
117.75062842311803,28.0,6.478232445120859,51.013784080139814,8102.612152569243,135.23594791310157,313.0,46.03610261231234,100.0,sai,hungaroring,2019
120.85324731239476,30.0,10.374814350094944,35.638481455629375,8292.648257392713,140.88031214371307,316.5,49.06204265705206,100.0,sai,hungaroring,2020
123.15266359308954,29.666666666666668,10.070803779490802,34.46189594188158,8412.041919668995,142.4638136586535,317.6666666666667,50.18614333868038,100.0,sai,hungaroring,2021
119.55827735178252,22.25,11.84901757746955,35.62217017768401,8312.678094516217,137.776390622738,316.75,50.390071388148456,100.0,sai,hungaroring,2022
125.06788755540538,32.0,18.209660624547602,29.636112382574257,8374.11567689771,154.88920297607186,324.0,51.796951525511055,100.0,sai,interlagos,2018
125.06788755540538,32.0,18.209660624547602,29.636112382574257,8374.11567689771,154.88920297607186,324.0,51.796951525511055,100.0,sai,interlagos,2019
132.73130666256557,32.0,29.64670735415084,20.52838190161284,8884.32084334936,159.0096469037298,327.0,51.85361141612967,100.0,sai,interlagos,2021
125.75363571264027,26.333333333333332,25.069659820172834,22.750205781569658,8532.066735029743,152.82496092311234,327.0,52.785138153890706,100.0,sai,interlagos,2022
159.82440835468202,53.0,39.18450044306891,19.782378462268426,9316.478276701917,193.40961662843267,346.0,65.83913055326937,100.0,sai,monza,2018
159.82440835468202,53.0,39.18450044306891,19.782378462268426,9316.478276701917,193.40961662843267,346.0,65.83913055326937,100.0,sai,monza,2019
159.42825520130737,48.5,41.62810933940976,13.001154952233904,9338.361313586061,190.7969213459632,350.0,63.37953679432304,100.0,sai,monza,2020
159.72461992935015,48.333333333333336,39.3872135230759,13.608605159385514,9313.026208300793,189.99921647505653,347.6666666666667,63.14587733909977,100.0,sai,monza,2021
157.4805147034847,46.0,39.675327261574026,13.720305721008119,9184.445427407709,188.12167747878792,346.25,63.25847930335044,100.0,sai,monza,2022
187.21820116499083,21.0,49.12048942308566,25.29391680371367,9856.66228244109,167.3269753383024,319.0,56.35514288030226,100.0,sai,nurburgring,2020
143.2496408012143,51.0,26.150527251662364,24.495795350265663,8840.26008885155,171.6787553518244,321.0,57.283618673034255,100.0,sai,red_bull_ring,2018
143.2496408012143,51.0,26.150527251662364,24.495795350265663,8840.26008885155,171.6787553518244,321.0,57.283618673034255,100.0,sai,red_bull_ring,2019
144.54149649346053,52.5,27.715729661778454,21.075924090930485,8923.139829342754,170.15323861981793,325.0,59.581755412001186,100.0,sai,red_bull_ring,2020
143.09098164430216,52.333333333333336,29.109249929925614,16.06811036424401,8920.367500692902,170.82591407432926,324.0,60.26762889689894,100.0,sai,red_bull_ring,2021
138.9386794435192,46.25,28.209753037477036,17.083904271315664,8720.729926790964,166.2205081104001,323.0,59.00644124118995,100.0,sai,red_bull_ring,2022
182.83235768997855,27.0,36.20477581476718,40.84793243404717,9309.991727347082,157.83858110967597,343.0,37.331083784188905,100.0,sai,rodriguez,2018
182.83235768997855,27.0,36.20477581476718,40.84793243404717,9309.991727347082,157.83858110967597,343.0,37.331083784188905,100.0,sai,rodriguez,2019
182.90327278998586,27.5,36.35438728832948,36.83625732639845,9309.482452876877,159.4436349268226,345.5,40.29432445294609,100.0,sai,rodriguez,2021
179.70491759290948,28.0,36.539847096682884,35.60690648310889,9246.184008471022,156.82705527602548,345.6666666666667,40.799715264691464,100.0,sai,rodriguez,2022
135.42952043354873,67.0,15.708297360212546,43.24654751448003,8591.401621524654,145.74477712805225,325.0,45.503172814600504,100.0,sai,shanghai,2018
135.42952043354873,67.0,15.708297360212546,43.24654751448003,8591.401621524654,145.74477712805225,325.0,45.503172814600504,100.0,sai,shanghai,2019
141.24649535625718,33.0,15.810587233537756,24.949371201679934,8559.603918445651,171.81047731665106,319.0,56.74249148351207,100.0,sai,silverstone,2018
141.24649535625718,33.0,15.810587233537756,24.949371201679934,8559.603918445651,171.81047731665106,319.0,56.74249148351207,100.0,sai,silverstone,2019
145.45164818687817,38.5,18.69000611901962,21.60219552650652,8803.66007058915,175.876688077502,325.0,60.36310038794195,100.0,sai,silverstone,2020
145.63988921868713,44.666666666666664,20.84630482087511,19.032152740719738,8740.228670231227,172.75362476375824,322.6666666666667,58.616186070679966,100.0,sai,silverstone,2021
144.0191395605645,40.0,20.311981634409367,19.715423332356707,8631.63097388608,169.9967367787107,323.75,58.1121656305163,100.0,sai,silverstone,2022
134.2078757264031,39.0,15.492816043094729,53.60493736908078,8550.08828813964,144.49712370245499,325.0,45.441955171061366,100.0,sai,sochi,2018
134.2078757264031,39.0,15.492816043094729,53.60493736908078,8550.08828813964,144.49712370245499,325.0,45.441955171061366,100.0,sai,sochi,2019
134.59346551967343,32.5,14.225783658093562,51.02193493321773,8544.161265838058,145.75340786675088,326.0,48.757199934538335,100.0,sai,sochi,2020
134.59462789329118,31.333333333333332,14.283816509165353,49.601699522703576,8562.533455021596,142.9519706563186,327.3333333333333,48.617134972763516,100.0,sai,sochi,2021
155.7071640390166,56.0,34.67882661849359,20.333765762488238,9139.727384886433,175.82973255715407,328.0,53.304151667374214,100.0,sai,spa,2018
155.7071640390166,56.0,34.67882661849359,20.333765762488238,9139.727384886433,175.82973255715407,328.0,53.304151667374214,100.0,sai,spa,2019
149.99327158475688,28.0,39.038450312694096,18.306069424862343,8804.151464013568,165.62130131756447,329.0,48.82248125169621,100.0,sai,spa,2020
149.7239892635296,31.0,37.434367449782464,14.716999196007373,8899.693763421592,166.5728798136399,330.6666666666667,49.955830166416455,100.0,sai,spa,2021
146.08695188455903,26.75,35.42862698153974,16.128362770820907,8788.226537054774,165.9820965241366,326.25,51.76085767244448,100.0,sai,spa,2022
156.82716682787665,41.0,23.072575469941444,28.51544004977385,8795.74257907279,162.11418939742126,312.0,48.33915807678473,100.0,sai,suzuka,2018
156.82716682787665,41.0,23.072575469941444,28.51544004977385,8795.74257907279,162.11418939742126,312.0,48.33915807678473,100.0,sai,suzuka,2019
154.177359370594,34.5,26.321275727480334,20.000885387151282,8949.214753661094,165.3159368132628,321.0,50.60036840349009,100.0,sai,suzuka,2022
113.18782599405591,35.0,24.54104348005373,24.769369230829682,8367.828020720106,163.43996103322908,328.0,53.91576723041381,100.0,sai,villeneuve,2018
113.18782599405591,35.0,24.54104348005373,24.769369230829682,8367.828020720106,163.43996103322908,328.0,53.91576723041381,100.0,sai,villeneuve,2019
115.43729776576382,35.0,30.057427692345755,19.834454134573377,8501.537644197764,162.4473309463399,330.5,54.105797584491285,100.0,sai,villeneuve,2022
107.28526806692436,32.0,17.40668748627509,34.408351086574086,8045.253781905436,129.68145828992368,331.0,40.70092422768089,100.0,sai,yas_marina,2018
107.28526806692436,32.0,17.40668748627509,34.408351086574086,8045.253781905436,129.68145828992368,331.0,40.70092422768089,100.0,sai,yas_marina,2019
106.16390355868484,39.0,17.2592966041649,27.956869176350818,8160.738451135715,129.69377173448237,329.0,39.42287244502159,100.0,sai,yas_marina,2020
107.71181031758188,36.0,16.691118578800708,28.468043606526365,8164.302253554194,129.7945230968406,327.3333333333333,40.63022514603844,100.0,sai,yas_marina,2021
114.55070212847811,32.75,23.103487927036362,25.471684682475015,8337.671660459917,130.6678343474441,326.5,40.86761856672769,100.0,sai,yas_marina,2022
126.09732380733146,29.0,46.74173373794723,5.393552246461226,8591.127738287745,119.40365523928146,312.0,45.54399708281929,100.0,sai,zandvoort,2021
126.09732380733146,29.0,46.74173373794723,5.393552246461226,8591.127738287745,119.40365523928146,312.0,45.54399708281929,100.0,sai,zandvoort,2022
126.75697664236692,52.0,20.53315716375521,31.68838420441448,8257.869522521438,150.6583659881163,327.0,53.117118602449686,100.0,sainz,austin,2023
143.74849405919068,31.0,28.46442768535048,33.30989806995062,8948.335457603021,137.35401450022292,334.0,50.276739371642975,100.0,sainz,barcelona,2023
121.87894126003272,30.0,12.31247203765709,44.82029936272727,8250.675765969316,138.4817042472867,319.0,48.379212811607665,100.0,sainz,budapest,2023
167.11637153356304,18.0,53.58325272376948,9.772347845036537,9520.768346864339,177.4818884518329,323.0,59.5742672004103,100.0,sainz,melbourne,2023
181.98619396425858,32.0,41.94994294097621,36.072834085342656,9408.270541098034,157.08868727717055,350.0,43.157906292981004,100.0,sainz,mexico_city,2023
97.74099292996418,10.0,28.67895742364182,21.0726706741544,7639.314172956715,146.8522163799885,335.0,45.43571252772025,100.0,sainz,montréal,2023
152.3304129659205,48.0,39.19104233830369,19.72623189430839,9019.28596908168,184.07456587975992,352.0,59.702165195707444,100.0,sainz,monza,2023
124.43034522031083,40.0,25.961813165035306,27.349051224385526,8161.951785132294,155.96999277602015,330.0,58.61984147081771,100.0,sainz,sakhir,2023
141.9467610154175,12.0,22.929164119994965,35.89877002709392,8771.761578411226,168.9347138244832,328.0,59.09545096427954,100.0,sainz,silverstone,2023
138.8942542502074,0.0,38.49840233833689,16.135907324168397,8557.694476950635,169.00038754359687,338.0,58.497853548072584,100.0,sainz,spa_francorchamps,2023
134.4990095693695,29.0,30.877818577082483,21.413354768350224,8486.92913272389,157.89540941234927,327.0,51.994848383323905,100.0,sainz,spielberg,2023
154.19025042979996,51.0,31.066878450832395,29.89347456972297,8825.23366081734,164.71423731587535,332.0,58.76749847569354,100.0,sainz,suzuka,2023
111.45036358714944,23.0,14.53645888231641,36.47705611319051,7827.372072763308,137.61915438009459,334.0,49.15717941031489,100.0,sainz,são_paulo,2023
117.0844394726503,31.0,47.892458752738705,6.963371721837694,8475.961427224274,140.50637135628853,329.0,43.214474689763904,100.0,sainz,zandvoort,2023
124.50827150912369,58.0,20.151646610076735,20.30720980184765,7777.192712943736,157.1415836732784,325.0,47.242837280904986,100.0,sargeant,austin,2023
141.9260587077691,55.0,22.578920283267774,26.840671394366726,8503.945880513835,152.9657675531501,328.0,51.634048025535435,100.0,sargeant,barcelona,2023
120.40306530772445,58.0,7.676652134151772,29.054170668302202,8104.718814254475,146.66326292175404,316.0,41.911125977742344,100.0,sargeant,budapest,2023
169.07075722910363,0.0,55.501711586871814,4.406178993796178,9280.845442708724,181.76403035905133,327.0,59.94491279917208,100.0,sargeant,melbourne,2023
154.26620108701815,35.0,29.825795018236125,31.235709774140247,8281.902234922836,144.3773139596443,348.0,34.657330922865505,100.0,sargeant,mexico_city,2023
98.16849792761097,45.0,23.48312567251213,13.011851710967353,7414.034512729961,163.83796803995918,314.0,44.241067132771846,100.0,sargeant,montréal,2023
154.37792929196326,54.0,35.87400340054029,10.322819176513367,8891.451103885627,191.60725973474302,348.0,61.92537182058297,100.0,sargeant,monza,2023
124.34892220828151,50.0,22.091129310417696,28.639965008911467,7755.1520827524,160.03140809850717,324.0,53.73902016294284,100.0,sargeant,sakhir,2023
142.53847216306315,48.0,15.273082083603095,28.55408747689365,8225.853134798226,159.5204657735891,309.0,54.339147073712454,100.0,sargeant,silverstone,2023
132.21654073672917,14.0,20.26139591459359,16.585270961774572,8318.63058979283,173.12881473833974,322.0,46.70174604554519,100.0,sargeant,spa_francorchamps,2023
142.44930155184218,52.0,30.9453891587304,15.12180584522299,8520.648877657062,163.75910520904768,329.0,51.50579346558554,100.0,sargeant,spielberg,2023
166.5739489750016,69.0,34.879964655227816,16.60844418739155,9377.295873015873,176.3672601712086,335.0,51.88228948644494,100.0,sargeant,suzuka,2023
112.38265783576503,38.0,10.799530863002541,26.110760171311135,7573.723472336078,144.07618268219795,331.0,44.88899458297007,100.0,sargeant,são_paulo,2023
112.14322438398683,18.0,34.55366477048207,7.165715445258231,8577.42038680461,124.04196905025066,325.0,34.032773447635435,100.0,sargeant,zandvoort,2023
135.33951614324857,64.0,30.864946936646223,21.46098888292311,8506.796798914425,167.3774649316966,318.0,57.95499987854008,100.0,sir,albert_park,2018
115.06517256454103,42.0,22.040200308806842,30.58272816793203,8058.5994014009375,139.51830031149242,320.0,51.7795017037616,100.0,sir,americas,2018
136.01706164802846,57.0,37.42050375349758,18.895305795389937,8332.122997216777,186.79859063206698,321.0,61.82542276745051,100.0,sir,bahrain,2018
123.3358793635267,57.0,15.743197412439953,41.5341027264748,8167.257602272216,153.3304852343662,327.0,58.02555883079843,100.0,sir,catalunya,2018
132.20382264777575,39.0,31.83352001686871,27.021519614293098,8666.507237232137,160.03835216570053,324.0,59.47890974681337,100.0,sir,hockenheimring,2018
119.80967586721648,47.0,6.935714868916052,59.96081739283326,8151.913859101937,158.93912203718074,328.0,55.23729273408152,100.0,sir,hungaroring,2018
113.84523198740791,34.0,16.658314420183274,37.642050125959784,8192.205238608172,145.51582807802473,347.0,55.402694714209076,100.0,sir,interlagos,2018
162.36130992936407,49.0,48.32276394101181,18.334956209602318,9428.017572649213,197.41965319822467,341.0,73.66984414144196,100.0,sir,monza,2018
134.56176694745884,57.0,30.708862956462944,24.513216490365956,8548.950974431218,169.27503058533745,327.0,61.89670538945427,100.0,sir,red_bull_ring,2018
163.95663656982094,37.0,37.36871392585065,38.23441555825003,9315.119302999428,143.24431794910373,349.0,40.530617149393635,100.0,sir,rodriguez,2018
129.41736449830498,58.0,22.51052808872807,47.60278164580541,8162.482026721428,148.25585138465578,325.0,53.51556516644191,100.0,sir,shanghai,2018
120.38274644954693,30.0,14.107173334745083,41.236045643403926,8117.378846698236,129.1037116777987,327.0,47.32451084043946,100.0,sir,sochi,2018
161.90123412710847,55.0,44.11137176845065,15.942928562132607,9413.980176453491,184.06128973087837,326.0,65.91780672432208,100.0,sir,spa,2018
143.3343880217164,49.0,30.805487888033657,19.184552416817862,8880.963087913866,178.22309380370004,318.0,53.384265714873386,100.0,sir,suzuka,2018
109.21214545438127,48.0,27.78261041168082,20.814512753343312,7948.925313092488,166.16180091617787,328.0,55.62384095836085,100.0,sir,villeneuve,2018
109.53555377725297,45.0,17.188621398191255,44.57454300965966,8126.823630070907,129.56789080307885,331.0,46.953131959618496,100.0,sir,yas_marina,2018
142.11248776932885,32.0,34.66636909041582,21.83904246559746,9498.78633657856,169.05627608644676,316.0,61.06179583115037,100.0,str,albert_park,2018
142.11248776932885,32.0,34.66636909041582,21.83904246559746,9498.78633657856,169.05627608644676,316.0,61.06179583115037,100.0,str,albert_park,2019
144.34271229636977,43.0,37.89665821597666,17.453300765089057,9520.555822610819,171.75346688523197,319.0,60.60985717192723,100.0,str,albert_park,2022
128.7643520039834,42.0,28.34498640813551,25.71393482127994,8712.03820304781,152.79626092978853,322.0,56.73818862136832,100.0,str,americas,2018
128.7643520039834,42.0,28.34498640813551,25.71393482127994,8712.03820304781,152.79626092978853,322.0,56.73818862136832,100.0,str,americas,2019
129.48881541061968,41.0,25.05403630499743,26.74750442704878,8657.555761151023,156.67481984573368,325.5,57.16806997721562,100.0,str,americas,2021
120.79291197039952,42.333333333333336,21.778144983286737,24.466009821831694,8267.086771641088,145.67411306423446,323.0,50.209815581267605,100.0,str,americas,2022
132.51476120558382,35.0,38.883557074154375,20.017438228784954,9142.783744078279,189.27666662094995,322.0,63.155288019864614,100.0,str,bahrain,2018
132.51476120558382,35.0,38.883557074154375,20.017438228784954,9142.783744078279,189.27666662094995,322.0,63.155288019864614,100.0,str,bahrain,2019
128.66764709193222,40.5,34.339177190918676,17.90369078658824,9014.84774761671,177.6026009602968,325.0,59.85161229861913,100.0,str,bahrain,2020
126.3023010716451,42.333333333333336,30.562130994613153,19.678303456527818,8764.977407150267,169.13822534074322,325.3333333333333,56.44934058130724,100.0,str,bahrain,2021
123.66437762171108,41.75,27.400392537554694,20.664281650727762,8616.72450690819,163.1132034384867,323.5,54.38352748602159,100.0,str,bahrain,2022
135.49258003202564,67.0,17.521420133637598,39.5648654208711,8902.491436763457,144.26868779649413,321.0,65.51313270408033,100.0,str,catalunya,2018
135.49258003202564,67.0,17.521420133637598,39.5648654208711,8902.491436763457,144.26868779649413,321.0,65.51313270408033,100.0,str,catalunya,2019
133.3466937807739,50.0,19.187561380188303,29.54340397297161,8911.070037266854,152.4864553391983,323.5,61.68618261690814,100.0,str,catalunya,2020
129.7386781242619,36.666666666666664,17.939673509618853,30.57473724257169,8855.39975043362,145.9939381309815,325.3333333333333,56.78479259448867,100.0,str,catalunya,2021
132.22722100354974,36.5,17.34746351531832,32.906965945166135,8903.249633624735,143.84111464542286,324.25,54.392207713661485,100.0,str,catalunya,2022
126.52333342832016,39.0,30.83837064769967,23.96903301566428,8947.197681080252,154.6632354992167,323.0,56.86698452249641,100.0,str,hockenheimring,2018
126.52333342832016,39.0,30.83837064769967,23.96903301566428,8947.197681080252,154.6632354992167,323.0,56.86698452249641,100.0,str,hockenheimring,2019
117.61701649486359,58.0,10.891826126531507,44.45618014814705,8341.927246984611,142.8111308291434,323.0,49.63088378141829,100.0,str,hungaroring,2018
117.61701649486359,58.0,10.891826126531507,44.45618014814705,8341.927246984611,142.8111308291434,323.0,49.63088378141829,100.0,str,hungaroring,2019
120.4588683106035,52.0,14.461284301366728,33.25446778361362,8561.269497815862,145.47931677706305,324.0,50.389231683332866,100.0,str,hungaroring,2020
124.31309066826422,49.0,13.356514347117894,35.974675745750524,8713.290105591683,148.86897854996573,325.0,52.223598009917026,100.0,str,hungaroring,2021
123.42036109370403,46.25,12.759731580180596,34.864337671618145,8551.232477075351,145.80221821565473,323.0,50.927261507419175,100.0,str,hungaroring,2022
122.16426543941853,61.0,18.732045242140977,25.237802908989437,8699.726031709863,148.24911069058746,335.0,57.559381372666195,100.0,str,interlagos,2018
122.16426543941853,61.0,18.732045242140977,25.237802908989437,8699.726031709863,148.24911069058746,335.0,57.559381372666195,100.0,str,interlagos,2019
120.25817597196709,47.5,19.468026457264628,20.165822451302013,8642.853910144091,148.99319668254134,333.0,53.94576709869976,100.0,str,interlagos,2021
120.85523251718091,42.666666666666664,19.077700627089037,22.59599478284937,8601.697742512035,147.8487742419412,329.6666666666667,52.36190542355508,100.0,str,interlagos,2022
162.34634031752756,54.0,44.61576634716535,15.678524484274384,9601.750892074677,191.84524325318125,339.0,71.75723906974319,100.0,str,monza,2018
162.34634031752756,54.0,44.61576634716535,15.678524484274384,9601.750892074677,191.84524325318125,339.0,71.75723906974319,100.0,str,monza,2019
161.43764479505046,53.0,46.667977255863875,12.295486304131964,9690.811929306574,192.20053284908056,345.0,66.79762493563157,100.0,str,monza,2020
159.55832538841995,51.0,41.48576761991203,16.052987138926678,9589.485286669884,191.6759800933439,345.3333333333333,65.11203237530233,100.0,str,monza,2021
155.59623666260464,49.0,39.897892351178555,15.840370132056144,9468.887177929602,187.31465673647645,343.75,63.27471597967142,100.0,str,monza,2022
143.74092910794602,47.0,28.11548021031401,24.58310363047873,9196.281373766635,181.79078540025193,329.0,68.64240913992819,100.0,str,red_bull_ring,2018
143.74092910794602,47.0,28.11548021031401,24.58310363047873,9196.281373766635,181.79078540025193,329.0,68.64240913992819,100.0,str,red_bull_ring,2019
145.12504400656525,51.0,26.661737530825306,21.128481700678023,9252.248068514518,178.94374725123205,328.0,63.52829454017745,100.0,str,red_bull_ring,2020
145.00571152432028,50.333333333333336,29.349836486111958,16.67060877443517,9269.138305048646,174.49254719224248,328.0,61.056605301991375,100.0,str,red_bull_ring,2021
141.72720920427133,43.75,28.141488026144362,17.303964213370236,9112.31680561412,172.55528424020667,325.75,60.54732227420568,100.0,str,red_bull_ring,2022
170.98294153841618,48.0,44.40503023618983,32.86624553439443,9555.516294601843,149.3563749772505,352.0,46.06576904682691,100.0,str,rodriguez,2018
170.98294153841618,48.0,44.40503023618983,32.86624553439443,9555.516294601843,149.3563749772505,352.0,46.06576904682691,100.0,str,rodriguez,2019
170.85696818618578,37.0,39.07446413890136,37.49259319146047,9469.205535799814,152.18470964125765,353.5,42.48659775994605,100.0,str,rodriguez,2021
163.33653806777087,43.666666666666664,39.543850036720464,31.761143998985343,9357.910104969975,145.01788420147884,350.3333333333333,43.40131239457301,100.0,str,rodriguez,2022
139.63043709064547,71.0,21.219344616866064,46.48043868832651,9172.58920779538,150.07376721049806,325.0,54.41676592030827,100.0,str,shanghai,2018
139.63043709064547,71.0,21.219344616866064,46.48043868832651,9172.58920779538,150.07376721049806,325.0,54.41676592030827,100.0,str,shanghai,2019
157.47144015590413,43.0,22.253188769985734,28.627553557837864,9480.82650520169,186.69055338761638,334.0,62.60826892242585,100.0,str,silverstone,2019
157.47144015590413,43.0,22.253188769985734,28.627553557837864,9480.82650520169,186.69055338761638,334.0,62.60826892242585,100.0,str,silverstone,2020
153.49881937947353,42.0,23.69729478001792,28.80269056425152,9376.006131962828,172.26985144173491,326.5,62.50791321072693,100.0,str,silverstone,2021
150.75414361337027,41.666666666666664,21.91642057250154,29.366082131766166,9211.046706706225,170.93181858063016,326.6666666666667,60.499686719056434,100.0,str,silverstone,2022
123.1174855474742,7.0,14.045001986223141,41.48534679306746,8442.880917299637,137.46923411136373,333.0,50.789069922452605,100.0,str,sochi,2018
123.1174855474742,7.0,14.045001986223141,41.48534679306746,8442.880917299637,137.46923411136373,333.0,50.789069922452605,100.0,str,sochi,2019
131.78844182380817,19.0,13.208780927293187,49.47804435984421,8742.51310236397,142.69189325813028,332.5,50.13742710344465,100.0,str,sochi,2020
130.55064078045143,21.0,11.839476506126806,49.81704218058664,8689.638898280042,140.27177535846113,332.3333333333333,47.34965768807384,100.0,str,sochi,2021
164.99688351980762,45.0,47.18250003985636,17.23488265565766,9718.895895682492,186.36187170758583,329.0,66.76071000725406,100.0,str,spa,2018
164.99688351980762,45.0,47.18250003985636,17.23488265565766,9718.895895682492,186.36187170758583,329.0,66.76071000725406,100.0,str,spa,2019
160.15701717867415,39.0,41.60013495233903,14.740183385315785,9642.350183621618,172.56208280297625,334.5,58.56093314842788,100.0,str,spa,2020
157.58687311940486,41.666666666666664,39.911554839801305,14.548511961513073,9627.346660414523,172.05075680402788,335.6666666666667,56.05333770021878,100.0,str,spa,2021
151.727602993412,37.0,35.60087371095994,16.97936219938559,9267.072750579737,169.25910705524626,330.0,54.73803458398465,100.0,str,spa,2022
139.81674424514944,36.0,28.834508134111314,18.197611340738963,8964.647657655118,158.97967852879006,317.0,56.09304173345674,100.0,str,suzuka,2018
139.81674424514944,36.0,28.834508134111314,18.197611340738963,8964.647657655118,158.97967852879006,317.0,56.09304173345674,100.0,str,suzuka,2019
149.32328944025926,40.5,31.704821863515797,18.5141532450258,9177.820546011342,167.3434421457272,325.0,57.06986433519789,100.0,str,suzuka,2022
114.89799613009026,53.0,30.56072151529257,21.37047068418059,8500.149940793635,167.57873099709613,325.0,55.20781323170697,100.0,str,villeneuve,2018
114.89799613009026,53.0,30.56072151529257,21.37047068418059,8500.149940793635,167.57873099709613,325.0,55.20781323170697,100.0,str,villeneuve,2019
115.3687179554368,54.0,30.926106778413995,19.888600714888533,8562.058050790622,165.37747451554526,328.5,52.4231210015414,100.0,str,villeneuve,2022
110.82431678773482,54.0,18.684346394757746,27.008651426874486,8418.08771072682,132.40488576562493,330.0,44.91501133124227,100.0,str,yas_marina,2018
110.82431678773482,54.0,18.684346394757746,27.008651426874486,8418.08771072682,132.40488576562493,330.0,44.91501133124227,100.0,str,yas_marina,2019
110.8871806815242,51.5,20.65320158847905,28.11331530576677,8559.663475789464,134.50371174049897,329.5,44.346746841746324,100.0,str,yas_marina,2020
110.46768833991291,51.0,17.704180064782744,31.36941641545361,8391.119171858618,132.94249937877154,328.0,43.43889509048648,100.0,str,yas_marina,2021
118.59068245895111,43.5,23.318768567452487,29.522037748002337,8531.02139673426,137.44116196859338,326.75,43.81710179145135,100.0,str,yas_marina,2022
122.87217327930271,37.0,40.701140246329594,4.394992109512209,8511.024674925056,137.17174594505357,313.0,40.672832628721075,100.0,str,zandvoort,2021
122.87217327930271,37.0,40.701140246329594,4.394992109512209,8511.024674925056,137.17174594505357,313.0,40.672832628721075,100.0,str,zandvoort,2022
122.35737342611341,45.0,27.020791808360375,20.175514086510148,8038.993603559101,156.19279254205375,323.0,49.19078387763248,100.0,stroll,austin,2023
148.05313638766947,37.0,33.09349375947512,19.31631498482065,9090.326907852694,156.980260763074,327.0,59.744024391434436,100.0,stroll,barcelona,2023
114.98990220562996,34.0,12.822834013770748,25.265226493641528,8239.593808430074,138.6067629122951,317.0,46.60073183615955,100.0,stroll,budapest,2023
170.8246682905213,59.0,54.66913245817378,5.142965175055514,9381.08050043853,181.75443886425018,322.0,58.9962987500781,100.0,stroll,melbourne,2023
175.31178214186872,35.0,33.39996322329118,35.814545609887944,9217.380771201013,156.0466877660169,348.0,36.07157462998883,100.0,stroll,mexico_city,2023
99.99613197751951,37.0,21.65494446749716,19.8347863052676,7294.655208459088,149.2117415729189,326.0,47.338144489992416,100.0,stroll,montréal,2023
160.94011309647965,44.0,50.223861136961816,6.206840996074337,9733.665077941025,208.39085394792056,344.0,69.12271294687152,100.0,stroll,monza,2023
127.32134585823219,46.0,30.710515363486206,15.290378988446886,8558.73979519635,162.68639572806595,322.0,54.555370648645095,100.0,stroll,sakhir,2023
141.72939076295665,16.0,20.635048925456744,31.612281132825316,8823.354702519044,163.28070977608994,308.0,53.23398077925416,100.0,stroll,silverstone,2023
140.4438220338172,36.0,32.57203788865736,12.786724121984092,8759.402643586769,167.40725022680252,331.0,53.15184133523053,100.0,stroll,spa_francorchamps,2023
128.30437112669443,39.0,25.061654245669533,15.116108702189992,8444.267908141066,156.9774993967331,324.0,53.05128675329004,100.0,stroll,spielberg,2023
153.01159920928217,65.0,31.33493876042657,17.212314785485518,9270.00003883199,168.6806958405453,325.0,53.77703626669192,100.0,stroll,suzuka,2023
107.3325998895452,0.0,11.91309984425774,26.296711725646684,7712.509328136846,140.38729548808698,331.0,50.72935633177714,100.0,stroll,são_paulo,2023
113.86531344179298,29.0,41.06123155162042,4.49817416252772,8239.516541707779,144.39203652663372,304.0,44.11699713503533,100.0,stroll,zandvoort,2023
156.827159892051,31.0,49.609544324953035,5.827134050969265,9378.171245309964,166.9926687158243,318.0,52.495495569509025,100.0,tsu,albert_park,2022
107.11788233340958,29.0,17.742830852731586,12.85359299246784,7957.863148616243,134.40896990504825,322.0,46.4876547105213,100.0,tsu,americas,2021
107.11788233340958,29.0,17.742830852731586,12.85359299246784,7957.863148616243,134.40896990504825,322.0,46.4876547105213,100.0,tsu,americas,2022
122.66332077873844,45.0,20.39494552422475,24.864963188150064,8401.402832623757,153.11617929648926,322.0,58.171616974054636,100.0,tsu,bahrain,2021
122.66332077873844,45.0,20.39494552422475,24.864963188150064,8401.402832623757,153.11617929648926,322.0,58.171616974054636,100.0,tsu,bahrain,2022
141.32135321128226,58.0,23.694669758341764,31.55560140878386,9180.69207667182,141.67165427300682,314.0,54.02331129822992,100.0,tsu,catalunya,2021
141.32135321128226,58.0,23.694669758341764,31.55560140878386,9180.69207667182,141.67165427300682,314.0,54.02331129822992,100.0,tsu,catalunya,2022
112.62409134303947,54.0,13.722020199886488,22.008549990191725,8298.843176981,133.34941837839347,308.0,51.79150785113078,100.0,tsu,hungaroring,2021
112.62409134303947,54.0,13.722020199886488,22.008549990191725,8298.843176981,133.34941837839347,308.0,51.79150785113078,100.0,tsu,hungaroring,2022
113.55870519836147,28.0,13.626040677959676,26.05434908990802,8494.374906400146,138.5193569804928,330.0,57.41513190869721,100.0,tsu,interlagos,2021
113.55870519836147,28.0,13.626040677959676,26.05434908990802,8494.374906400146,138.5193569804928,330.0,57.41513190869721,100.0,tsu,interlagos,2022
151.54419351572164,38.0,45.31853436010513,6.237647435797763,9293.642612290587,186.7051639874456,333.0,64.20147278892848,100.0,tsu,monza,2021
151.54419351572164,38.0,45.31853436010513,6.237647435797763,9293.642612290587,186.7051639874456,333.0,64.20147278892848,100.0,tsu,monza,2022
127.93003250610091,30.0,27.72107812850223,8.732011444789672,8209.095491928883,163.21550224837011,323.0,59.646108769298664,100.0,tsu,red_bull_ring,2021
127.93003250610091,30.0,27.72107812850223,8.732011444789672,8209.095491928883,163.21550224837011,323.0,59.646108769298664,100.0,tsu,red_bull_ring,2022
156.79957990807188,23.0,35.65493630374536,26.022686530698298,9613.810126501521,140.05148108765377,343.0,40.1138457292223,100.0,tsu,rodriguez,2021
156.79957990807188,23.0,35.65493630374536,26.022686530698298,9613.810126501521,140.05148108765377,343.0,40.1138457292223,100.0,tsu,rodriguez,2022
138.62866543180803,19.0,27.83245488529975,14.259795855114632,8532.265100580044,173.74347128404457,329.0,59.06722993689981,100.0,tsu,silverstone,2021
138.62866543180803,19.0,27.83245488529975,14.259795855114632,8532.265100580044,173.74347128404457,329.0,59.06722993689981,100.0,tsu,silverstone,2022
118.28563607871523,44.0,7.0059618651419555,49.60496017073805,8359.811478111771,149.71269985417177,307.0,55.40667967809718,100.0,tsu,sochi,2021
132.8050547203025,44.0,23.142496053229966,21.846289995478795,8651.396605268945,165.2296818688786,314.0,53.47774374778063,100.0,tsu,spa,2021
132.8050547203025,44.0,23.142496053229966,21.846289995478795,8651.396605268945,165.2296818688786,314.0,53.47774374778063,100.0,tsu,spa,2022
150.33068953826572,30.0,30.0074056715605,11.508240270493538,9137.029598670615,172.88830386365453,328.0,56.33148241149445,100.0,tsu,suzuka,2022
86.6805578798334,26.0,22.3578448244237,8.134615186941506,7298.927333552321,149.09207871122396,297.0,40.80699644921709,100.0,tsu,villeneuve,2022
152.25622097806033,4.0,55.95246386516145,15.553559682436486,9447.369357528998,149.12684958266408,325.0,47.18323395984122,100.0,tsu,yas_marina,2021
152.25622097806033,4.0,55.95246386516145,15.553559682436486,9447.369357528998,149.12684958266408,325.0,47.18323395984122,100.0,tsu,yas_marina,2022
128.62675151564028,44.0,52.276596374970836,2.7104138834142404,8814.930307899434,143.07408507389079,310.0,46.549500772557955,100.0,tsu,zandvoort,2021
128.62675151564028,44.0,52.276596374970836,2.7104138834142404,8814.930307899434,143.07408507389079,310.0,46.549500772557955,100.0,tsu,zandvoort,2022
129.6937882400178,58.0,22.30301151668887,16.84905944483003,8213.519307145178,153.39021261856712,320.0,52.87436077894819,100.0,tsunoda,austin,2023
144.98311228373544,24.0,33.50633676666458,16.51432846415165,9002.45369020536,155.66507640379294,327.0,59.43155813475941,100.0,tsunoda,barcelona,2023
125.21375223171526,33.0,16.06931941241815,20.322439348718348,8305.505960068484,146.7206932706037,309.0,49.94603063327507,100.0,tsunoda,budapest,2023
171.4349957119966,52.0,59.80309072989629,2.4190946452784527,9821.417511473244,180.42247455651423,322.0,62.690395664699636,100.0,tsunoda,melbourne,2023
162.06930770016544,50.0,38.784094994963816,30.614889943466995,9503.937276733664,144.8512951998141,343.0,44.8802234246043,100.0,tsunoda,mexico_city,2023
98.29177738372158,48.0,25.95240629710912,12.732017021309586,7528.0636120113995,160.7447123794558,314.0,46.999083702272934,100.0,tsunoda,montréal,2023
158.10574869390115,52.0,45.946863932528814,10.938515859233512,9421.79495122891,190.9285365867877,347.0,64.9299424413749,100.0,tsunoda,monza,2023
124.0356713678791,44.0,29.93793813457009,13.602870181348544,8681.956417341902,158.16287335237382,322.0,56.35949132587834,100.0,tsunoda,sakhir,2023
144.37661182800582,56.0,26.384430263192087,22.48665139439553,8688.693050099693,162.25480968273177,308.0,49.484513238383485,100.0,tsunoda,silverstone,2023
135.08557752543797,38.0,34.956723405404624,9.491362880437412,8485.822772166928,162.41863721464642,320.0,54.284307322082,100.0,tsunoda,spa_francorchamps,2023
145.36001233558267,47.0,35.35859554467649,10.68393275121055,8878.36372446577,168.79159398826434,321.0,54.05540481947037,100.0,tsunoda,spielberg,2023
159.0700288359599,47.0,35.133024379995426,10.743203894616553,9286.674597213114,173.34323991052108,328.0,57.91968597439871,100.0,tsunoda,suzuka,2023
116.89248237454449,30.0,19.256412305030796,17.75843918338259,7971.05383376901,143.24553571795565,336.0,46.97454579800175,100.0,tsunoda,são_paulo,2023
114.0600701885914,25.0,49.836377724689115,3.2002691130980603,8542.017862067063,137.60444823387203,303.0,40.190321638195314,100.0,tsunoda,zandvoort,2023
152.38766046082463,37.0,41.12198923257189,13.82972216223577,9192.682430747007,177.29816525068665,310.0,64.20073051082014,100.0,van,albert_park,2018
127.68646048374212,50.0,19.199392056101264,27.15838656318334,7888.64914689484,147.80590478155506,315.0,49.81078161377831,100.0,van,americas,2018
126.70343456911614,48.0,25.95112106656793,22.163874236906874,8200.41044333917,162.36360757043224,313.0,58.15574851658868,100.0,van,bahrain,2018
131.77888288471505,48.0,12.45997996611541,43.36459244397626,8399.763602867919,154.30978324319284,316.0,58.674116093877885,100.0,van,catalunya,2018
125.82215649176312,37.0,25.82833536130997,24.173809532377945,8404.283747281264,155.53280921572724,317.0,57.84991601181539,100.0,van,hockenheimring,2018
125.49815502595817,52.0,8.637972972237321,47.9128731649534,8300.794586969007,155.57947963814513,311.0,55.19498427300842,100.0,van,hungaroring,2018
120.64733698369793,44.0,14.58845567389834,32.15352925685858,8132.5825952684645,150.32628856059725,324.0,49.147358761164966,100.0,van,interlagos,2018
157.4665969821215,47.0,36.436587843508455,18.414924434787725,8994.222514206576,190.29575314282977,336.0,60.35926264723711,100.0,van,monza,2018
145.26514958468292,53.0,22.931057835019292,24.46506283594826,8772.385228119007,181.13900481419324,319.0,63.988761229922005,100.0,van,red_bull_ring,2018
174.1100976235611,55.0,41.7919883851293,28.01107607729,9269.363668529168,151.82892184676973,337.0,42.336329093967755,100.0,van,rodriguez,2018
136.75943173494252,66.0,14.175616078820935,41.59902465360919,8289.240783364387,150.17007554420658,327.0,50.68688110895853,100.0,van,shanghai,2018
144.81774484234268,25.0,20.78709771703302,33.43148793271192,8631.245862467951,153.91813422631813,316.0,55.29848738667447,100.0,van,silverstone,2018
133.59163549017907,31.0,14.522884707062914,51.39848175749491,8354.07445564285,144.18687030833465,328.0,47.89305579904563,100.0,van,sochi,2018
153.8382643889412,42.0,34.019458328916876,17.529945693752296,8914.63324945021,178.34671191928217,326.0,62.02249877050159,100.0,van,spa,2018
156.22687886765954,28.0,25.057923941190015,16.36620398708095,8507.615778867916,174.5882910056745,315.0,52.549100745144095,100.0,van,suzuka,2018
114.3448435968552,40.0,24.31131427293743,22.89464862398298,8148.258136357947,165.7687292290758,323.0,54.95098101724262,100.0,van,villeneuve,2018
111.52539907022388,49.0,17.452021671401674,35.309177952795515,8099.806954694452,135.31551030842218,325.0,41.73999808626173,100.0,van,yas_marina,2018
143.6142880104048,31.0,29.78871125942673,21.24754891800613,9120.841569540462,166.7264904507567,315.0,57.95548608457061,100.0,ver,albert_park,2018
143.6142880104048,31.0,29.78871125942673,21.24754891800613,9120.841569540462,166.7264904507567,315.0,57.95548608457061,100.0,ver,albert_park,2019
143.7389587119306,38.5,28.982918013984186,17.92888656380132,9324.560104503378,168.05373369695667,317.5,56.068038404516955,100.0,ver,albert_park,2022
129.86378878580925,50.0,25.69345159955134,27.98952014169405,8279.524853275456,160.6474643871032,311.0,52.305819359374176,100.0,ver,americas,2018
129.86378878580925,50.0,25.69345159955134,27.98952014169405,8279.524853275456,160.6474643871032,311.0,52.305819359374176,100.0,ver,americas,2019
133.3423925877824,39.0,22.040248791023487,30.874961841803398,8600.271469822277,159.7459747869607,319.0,52.856683308810865,100.0,ver,americas,2021
130.38310850047495,37.666666666666664,20.114474379343804,30.56661072098638,8581.324909651239,155.72872810067818,319.0,52.08672387931322,100.0,ver,americas,2022
124.15987037138295,53.0,30.39243554757409,17.555968163324472,8897.183802272153,159.99872326450216,320.0,59.177157702059986,100.0,ver,bahrain,2018
124.15987037138295,53.0,30.39243554757409,17.555968163324472,8897.183802272153,159.99872326450216,320.0,59.177157702059986,100.0,ver,bahrain,2019
125.85883761095695,48.0,28.05393083498441,17.00067548868275,8963.642761284387,165.00567445860128,320.5,58.27396703321577,100.0,ver,bahrain,2020
125.24954984817253,47.333333333333336,26.344014667434866,19.06484084975521,8895.436290416312,162.19594616222685,320.3333333333333,56.78144474334317,100.0,ver,bahrain,2021
123.92068746489014,44.5,23.515481454213507,22.167542613960546,8790.002296584364,159.6441003193319,319.75,55.63470109792609,100.0,ver,bahrain,2022
142.09146675745615,32.0,14.069529980339716,45.26794548584353,9025.922703584843,149.37357119088665,321.0,55.904024798355195,100.0,ver,catalunya,2018
142.09146675745615,32.0,14.069529980339716,45.26794548584353,9025.922703584843,149.37357119088665,321.0,55.904024798355195,100.0,ver,catalunya,2019
134.65481775672208,32.0,14.98848427787335,36.184445892275235,9022.963406442675,149.00110979804748,320.0,54.58369497655875,100.0,ver,catalunya,2020
131.85663025161782,24.333333333333332,14.26722792489196,37.40191324559644,8945.789038076926,144.84791623500954,320.0,52.66089189458108,100.0,ver,catalunya,2021
132.80219910596662,25.5,15.314815393595431,38.25493357496908,9014.641080164678,142.33852686500637,319.25,50.99530711256021,100.0,ver,catalunya,2022
144.0251056289519,42.0,32.184201817964386,26.05948364834422,8959.613878531942,161.07297824288858,316.0,61.880403542880266,100.0,ver,hockenheimring,2018
144.0251056289519,42.0,32.184201817964386,26.05948364834422,8959.613878531942,161.07297824288858,316.0,61.880403542880266,100.0,ver,hockenheimring,2019
124.28304549760462,30.0,6.82158419029143,48.463284766591904,8755.501684406507,142.99669440456043,320.0,51.27977771875709,100.0,ver,hungaroring,2018
124.28304549760462,30.0,6.82158419029143,48.463284766591904,8755.501684406507,142.99669440456043,320.0,51.27977771875709,100.0,ver,hungaroring,2019
125.41171426300036,39.0,9.160583159822352,39.1502505809669,9013.568038233585,145.87953653401706,318.5,51.53470995116177,100.0,ver,hungaroring,2020
127.61242133514888,30.666666666666668,8.798171218572177,39.37951366213381,9058.598759665316,147.6775017437592,319.3333333333333,52.42059816071563,100.0,ver,hungaroring,2021
125.87513693731391,30.0,8.813083898374057,40.19563905425744,8953.701463522186,143.97214408168006,317.5,51.02672826299384,100.0,ver,hungaroring,2022
123.55340055780005,35.0,13.423706230363674,31.824720415368535,8764.321525466998,152.91690298873849,327.0,57.54907839495934,100.0,ver,interlagos,2018
123.55340055780005,35.0,13.423706230363674,31.824720415368535,8764.321525466998,152.91690298873849,327.0,57.54907839495934,100.0,ver,interlagos,2019
125.20910588813217,42.5,16.916543849369102,26.18161038653342,9092.520335389043,154.52689025421984,330.0,56.461019416127655,100.0,ver,interlagos,2021
123.67031931887244,38.0,15.253402831493082,29.46765317596744,8873.262647673317,149.32630957341644,328.0,54.089852362352644,100.0,ver,interlagos,2022
166.60513408123876,37.0,40.29741858293826,18.99593084275684,9314.60219888551,199.99871676487135,337.0,69.55108339871619,100.0,ver,monza,2018
166.60513408123876,37.0,40.29741858293826,18.99593084275684,9314.60219888551,199.99871676487135,337.0,69.55108339871619,100.0,ver,monza,2019
175.82071471332418,52.0,49.730094300581314,13.725106603631176,9826.60916309566,189.64603730569462,335.5,63.667813726701546,100.0,ver,monza,2020
169.70290055737294,44.666666666666664,45.65013205170931,16.657659736786776,9788.869771932263,189.73049921529346,337.6666666666667,63.972910255582775,100.0,ver,monza,2021
163.91948365973488,43.5,43.53573795033276,16.510291904024733,9624.258442607717,187.03728651895557,337.75,62.214714360532504,100.0,ver,monza,2022
187.61083460949084,49.0,50.187477568166265,27.728325941564,10261.700200052312,163.00051259156712,315.0,52.8206948642309,100.0,ver,nurburgring,2020
155.012748471406,50.0,20.963969178908364,25.7004702395538,9223.184407674516,177.13380010062932,321.0,65.63550209254521,100.0,ver,red_bull_ring,2018
155.012748471406,50.0,20.963969178908364,25.7004702395538,9223.184407674516,177.13380010062932,321.0,65.63550209254521,100.0,ver,red_bull_ring,2019
150.7954934933568,52.0,21.5918768687415,25.255971021875244,9463.628487815258,177.62185200530462,324.0,65.04449597074805,100.0,ver,red_bull_ring,2020
149.57986988464606,50.333333333333336,24.493452786276567,22.43745162552626,9504.378015965262,178.6059948570854,324.0,63.28965102211303,100.0,ver,red_bull_ring,2021
147.4179882116605,45.25,24.354583372098254,22.757399687466915,9370.986160455577,175.11015558132252,323.0,61.72676118738038,100.0,ver,red_bull_ring,2022
186.33108619518237,32.0,39.301983670533524,37.82968654576712,9690.822736399256,161.05285734918058,347.0,39.94365053330248,100.0,ver,rodriguez,2018
186.33108619518237,32.0,39.301983670533524,37.82968654576712,9690.822736399256,161.05285734918058,347.0,39.94365053330248,100.0,ver,rodriguez,2019
184.70695145652522,33.5,40.69263093726609,35.04333222534043,9783.416753017213,160.77402447307784,348.5,41.45878391663369,100.0,ver,rodriguez,2021
180.38814447196137,33.333333333333336,38.749859223747215,33.86858261803394,9728.042725130932,156.76674538016488,346.6666666666667,40.33052824933958,100.0,ver,rodriguez,2022
139.15041926437917,52.0,15.800854769201253,38.18064740662439,8688.94129670649,150.06162487008072,324.0,51.28316597328332,100.0,ver,shanghai,2018
139.15041926437917,52.0,15.800854769201253,38.18064740662439,8688.94129670649,150.06162487008072,324.0,51.28316597328332,100.0,ver,shanghai,2019
149.0745653149176,68.0,13.326237343604847,36.53238896263136,8780.691200675305,166.08446454004127,320.0,58.141317896953495,100.0,ver,silverstone,2018
149.0745653149176,68.0,13.326237343604847,36.53238896263136,8780.691200675305,166.08446454004127,320.0,58.141317896953495,100.0,ver,silverstone,2019
150.84957965167135,62.0,15.482557598221781,33.4773148946562,9110.578409649614,173.63056033466728,325.5,58.38600988389837,100.0,ver,silverstone,2020
151.77725093750155,53.666666666666664,18.297377185171154,31.26735164883952,9151.038212162508,171.57973027829038,323.0,58.27604152827587,100.0,ver,silverstone,2021
148.66891090970637,48.5,18.569436362939662,30.165474213047304,9083.419053211608,168.88224779320416,322.75,58.32355186657932,100.0,ver,silverstone,2022
139.68663352608885,55.0,16.397613418316297,50.21038588148252,9156.492374679989,157.71198781083677,318.0,49.479936456561646,100.0,ver,sochi,2018
139.68663352608885,55.0,16.397613418316297,50.21038588148252,9156.492374679989,157.71198781083677,318.0,49.479936456561646,100.0,ver,sochi,2019
144.4482665861822,46.0,15.474128007247785,52.078331802931984,9347.648254314936,154.11483180247336,322.5,49.308040423886624,100.0,ver,sochi,2020
142.6068046343087,40.0,14.28504553805488,53.10832704492869,9337.540034011183,150.98666084373485,324.0,48.88775410203228,100.0,ver,sochi,2021
152.35968857042536,47.0,26.568968075356704,20.169989226604148,9085.921817124667,171.26305012089915,329.0,53.05600519449248,100.0,ver,spa,2018
152.35968857042536,47.0,26.568968075356704,20.169989226604148,9085.921817124667,171.26305012089915,329.0,53.05600519449248,100.0,ver,spa,2019
149.83347907092684,23.5,32.32615664743103,17.377656666480334,9056.534466659074,167.98766710349219,331.5,50.07067780036515,100.0,ver,spa,2020
151.85646715650137,33.333333333333336,35.01453876075109,14.609172576663518,9212.435031026062,171.22128192807955,330.6666666666667,52.45923486578548,100.0,ver,spa,2021
146.8902993239365,32.75,30.925068424820637,17.187970985445403,9137.33115103103,166.55357622319946,326.0,51.32126248420356,100.0,ver,spa,2022
165.81268026643247,45.0,25.82226162042516,32.51121244695064,9450.14672612133,172.2456670328588,316.0,57.769262855028494,100.0,ver,suzuka,2018
165.81268026643247,45.0,25.82226162042516,32.51121244695064,9450.14672612133,172.2456670328588,316.0,57.769262855028494,100.0,ver,suzuka,2019
164.64630150995964,36.5,29.76922408730193,24.567662267789427,9476.172028897727,171.2082412003969,324.0,55.89264269822486,100.0,ver,suzuka,2022
121.31705646616932,37.0,20.248153904853275,28.571867747196052,8478.714460208408,168.22944472908918,327.0,54.48367019539186,100.0,ver,villeneuve,2018
121.31705646616932,37.0,20.248153904853275,28.571867747196052,8478.714460208408,168.22944472908918,327.0,54.48367019539186,100.0,ver,villeneuve,2019
121.37554709561728,42.5,24.754432292936205,23.606080173790414,8882.319123044828,167.918527172101,329.0,52.614623817427656,100.0,ver,villeneuve,2022
117.80132230440047,52.0,14.463254500592909,43.763895185804664,8670.732461297763,133.88594383010388,325.0,41.38797791210576,100.0,ver,yas_marina,2018
117.80132230440047,52.0,14.463254500592909,43.763895185804664,8670.732461297763,133.88594383010388,325.0,41.38797791210576,100.0,ver,yas_marina,2019
117.64041072246839,50.5,16.765594621957725,36.61611135430482,8648.098761585501,137.26611176504068,325.0,42.249681937978096,100.0,ver,yas_marina,2020
116.91551580824101,46.0,15.651157233490396,38.44210690984627,8725.44627006294,137.0792187877462,324.0,43.37672496248343,100.0,ver,yas_marina,2021
124.16736268599564,36.5,22.156384238429496,34.10966955252581,8860.840991925663,141.03177008203147,325.0,42.96088902203647,100.0,ver,yas_marina,2022
141.16229615867985,55.0,51.22062920076888,4.581986306143369,9406.608009088652,145.91774125386382,311.0,42.83610902713107,100.0,ver,zandvoort,2021
141.16229615867985,55.0,51.22062920076888,4.581986306143369,9406.608009088652,145.91774125386382,311.0,42.83610902713107,100.0,ver,zandvoort,2022
127.4712805018899,48.0,20.371544755978782,28.79376317788358,8171.14466528435,157.310885722476,325.0,52.094061349396526,100.0,verstappen,austin,2023
142.8298551019365,56.0,29.565225855881764,23.252809518324007,9283.639935492987,145.60227354408372,334.0,48.07605525850819,100.0,verstappen,barcelona,2023
115.94217508298829,32.0,11.761669134581698,28.28293979479774,8061.373439190673,139.74400785772997,315.0,44.47753312902736,100.0,verstappen,budapest,2023
178.80921741689528,31.0,57.175636655683164,8.955505098760158,9821.870660618317,189.40479949942824,329.0,63.64669984281137,100.0,verstappen,melbourne,2023
182.22140588922088,35.0,36.3095592855429,32.2881492486425,9571.555612125418,156.94903902562422,351.0,37.56586860181097,100.0,verstappen,mexico_city,2023
103.29587754142844,40.0,20.380591857204436,16.189762939313773,7986.696904919713,155.72647342432057,337.0,45.24067944744216,100.0,verstappen,montréal,2023
155.10156026009767,50.0,41.3503633529776,13.590757605499459,9137.242486046813,187.63624589153142,345.0,56.70425481546947,100.0,verstappen,monza,2023
121.79127926694996,42.0,25.01676187432245,23.284679445621993,8537.247209111752,141.1776504504501,324.0,44.77788356647834,100.0,verstappen,sakhir,2023
141.47921529710425,52.0,18.951255122438308,30.999742476232058,8771.50163868423,166.77316652648784,328.0,56.86327166406573,100.0,verstappen,silverstone,2023
138.4723196175316,15.0,30.83076456800644,11.173811464292593,8805.708428200154,165.6022339552764,339.0,53.648086536089785,100.0,verstappen,spa_francorchamps,2023
134.1089943402756,33.0,25.66693318905985,14.777163019793528,8544.60188026682,140.8139039960729,329.0,39.892914020056764,100.0,verstappen,spielberg,2023
154.55751252401978,56.0,31.36877163646547,19.02330563525669,8833.181132545698,166.4389768175592,335.0,54.32661163394119,100.0,verstappen,suzuka,2023
111.16642960686362,0.0,13.310418153216496,25.503705288357658,7781.052042188068,148.32501763194284,334.0,51.26890035295373,100.0,verstappen,são_paulo,2023
116.94941465139418,18.0,41.105840485462274,4.529896938684343,8502.316654128706,129.85841215044675,328.0,33.96854509001227,100.0,verstappen,zandvoort,2023
142.9029158024742,26.0,32.7149808249673,19.206107015103505,8797.302445301091,170.43842566349295,323.0,56.62008104045075,100.0,vet,albert_park,2018
142.9029158024742,26.0,32.7149808249673,19.206107015103505,8797.302445301091,170.43842566349295,323.0,56.62008104045075,100.0,vet,albert_park,2019
142.6852984934989,30.0,35.73763410843262,17.457798862305257,8721.626487559697,167.98450280213666,320.5,59.181001150765695,100.0,vet,albert_park,2022
133.4925825680422,28.0,19.915963937458756,32.35899730933654,8126.28247500676,152.41329557208275,328.0,51.66364167728798,100.0,vet,americas,2018
133.4925825680422,28.0,19.915963937458756,32.35899730933654,8126.28247500676,152.41329557208275,328.0,51.66364167728798,100.0,vet,americas,2019
133.3932129939073,28.0,21.313632202445028,30.503672445984147,8115.3661406108495,154.26422789657417,328.0,54.01296045260264,100.0,vet,americas,2021
126.40622993581276,21.0,19.78286543338177,27.02742865396951,8109.01887086407,149.06270711636463,325.3333333333333,51.42312641144434,100.0,vet,americas,2022
130.62010794428596,55.0,26.83008848898238,24.496896354751748,8387.305737416946,165.0674473124216,325.0,55.47331914988764,100.0,vet,bahrain,2018
130.62010794428596,55.0,26.83008848898238,24.496896354751748,8387.305737416946,165.0674473124216,325.0,55.47331914988764,100.0,vet,bahrain,2019
128.5223681828542,47.5,27.707900314900378,22.172844535166732,8237.700957146051,164.982910799555,328.5,56.65334694712523,100.0,vet,bahrain,2020
127.32336365873651,46.0,27.407332952370353,22.087750060068355,8123.824082524437,161.74386857925478,326.3333333333333,56.13272316341919,100.0,vet,bahrain,2021
139.1780875373251,59.0,18.488265479908964,40.054250054456624,8509.347384445738,152.81045583990183,326.0,57.28029016166371,100.0,vet,catalunya,2018
139.1780875373251,59.0,18.488265479908964,40.054250054456624,8509.347384445738,152.81045583990183,326.0,57.28029016166371,100.0,vet,catalunya,2019
134.20025316152402,53.0,20.974365828809617,34.648296240571256,8394.145921954507,152.16615778732034,326.5,58.00526501908421,100.0,vet,catalunya,2020
131.49326946755664,41.0,19.803683160658682,35.6731486193602,8232.283401923656,147.89797830681118,325.0,56.70564530140553,100.0,vet,catalunya,2021
133.88734386261086,40.0,19.537619226726385,35.43629692003622,8393.017101475885,145.05634075167904,324.5,53.94999345253476,100.0,vet,catalunya,2022
140.08558817750563,37.0,31.06009237287121,25.942610429783503,8634.379710101373,158.29975057920927,327.0,55.59335762366062,100.0,vet,hockenheimring,2018
140.08558817750563,37.0,31.06009237287121,25.942610429783503,8634.379710101373,158.29975057920927,327.0,55.59335762366062,100.0,vet,hockenheimring,2019
120.44863679811829,52.0,11.818386104290251,49.5534219197738,7832.431842904845,140.05943741495167,327.0,51.974448360512824,100.0,vet,hungaroring,2018
120.44863679811829,52.0,11.818386104290251,49.5534219197738,7832.431842904845,140.05943741495167,327.0,51.974448360512824,100.0,vet,hungaroring,2019
122.80711517858407,50.0,14.203143085328486,37.06758056728295,8077.987875642563,145.51833635412964,327.0,53.25613676954413,100.0,vet,hungaroring,2020
125.51181843556594,52.0,14.102618405338026,39.55076774769985,8157.080110304872,145.5199493034703,323.6666666666667,54.94982833477957,100.0,vet,hungaroring,2021
124.84653538681324,48.75,13.488515557190933,38.585593945879374,8081.812994095363,144.0923812593887,321.5,53.969370304773825,100.0,vet,hungaroring,2022
125.90800905809891,28.0,14.666060494868043,29.97779882786886,7992.090733926509,151.64097595597138,337.0,52.62321952273902,100.0,vet,interlagos,2018
125.90800905809891,28.0,14.666060494868043,29.97779882786886,7992.090733926509,151.64097595597138,337.0,52.62321952273902,100.0,vet,interlagos,2019
122.30236372908146,34.5,18.39135141870556,24.58256228700907,8056.889537600624,151.9037903142351,336.0,55.17739691556587,100.0,vet,interlagos,2021
118.31611422723518,28.666666666666668,16.207203508675235,26.079109633393482,8023.89448694407,147.4087762699203,331.6666666666667,53.4497849615482,100.0,vet,interlagos,2022
168.7691608743482,35.0,38.02154735202073,18.264502681056474,9232.840019393854,200.49286483461435,345.0,66.21218169596847,100.0,vet,monza,2018
168.7691608743482,35.0,38.02154735202073,18.264502681056474,9232.840019393854,200.49286483461435,345.0,66.21218169596847,100.0,vet,monza,2019
167.37338988001744,39.0,42.852804433135475,13.251415997808369,9187.453664702069,196.3153111096383,347.5,66.00632245489211,100.0,vet,monza,2020
165.71946136374183,45.333333333333336,42.57088184979819,15.511576655348483,9097.315261693953,195.60235671029963,351.6666666666667,67.55082928022533,100.0,vet,monza,2021
160.62745334774695,47.25,40.857078815644485,14.494487109755902,9022.59853304221,192.02681285048934,347.5,65.8619003788234,100.0,vet,monza,2022
188.13460730128537,42.0,49.472555121288416,25.49999742093088,9654.151536302428,164.04700625043822,316.0,54.493090791292204,100.0,vet,nurburgring,2020
147.1789545404521,62.0,21.78114703251501,24.510354883286738,8193.265639447467,170.0024140172647,330.0,56.44272658379998,100.0,vet,red_bull_ring,2018
147.1789545404521,62.0,21.78114703251501,24.510354883286738,8193.265639447467,170.0024140172647,330.0,56.44272658379998,100.0,vet,red_bull_ring,2019
145.36855852679992,57.5,23.83853618348012,21.00746762727818,8341.791835771175,168.5427499544943,329.0,58.44226588197769,100.0,vet,red_bull_ring,2020
143.5598512470113,58.333333333333336,27.3970137196681,17.767259466515256,8398.169477729114,168.090632500555,325.6666666666667,59.17019576993983,100.0,vet,red_bull_ring,2021
138.85343543307553,48.0,25.811674544651577,17.528395762086266,8245.206772512554,164.72988340611846,324.25,57.92465558358414,100.0,vet,red_bull_ring,2022
191.56690105176992,43.0,34.2689126359055,30.904464561362328,9449.83499451795,162.49771241651558,356.0,39.53103353290516,100.0,vet,rodriguez,2018
191.56690105176992,43.0,34.2689126359055,30.904464561362328,9449.83499451795,162.49771241651558,356.0,39.53103353290516,100.0,vet,rodriguez,2019
188.7140683909533,36.0,35.435955892424126,31.770801287689928,9378.757683051677,161.99432020610777,357.5,41.59562247940022,100.0,vet,rodriguez,2021
183.90618869172576,29.666666666666668,36.24689304549427,32.42999282125532,9389.720587211343,158.54699922469447,354.0,41.20055932487145,100.0,vet,rodriguez,2022
140.51043310941333,61.0,18.07147052407036,43.92812274379525,8444.894486475787,149.91607204393705,334.0,51.16351858284211,100.0,vet,shanghai,2018
140.51043310941333,61.0,18.07147052407036,43.92812274379525,8444.894486475787,149.91607204393705,334.0,51.16351858284211,100.0,vet,shanghai,2019
148.38267707928307,65.0,19.648450015870097,28.3557208405006,8134.781584748222,161.87650232806084,327.0,55.708391533656616,100.0,vet,silverstone,2018
148.38267707928307,65.0,19.648450015870097,28.3557208405006,8134.781584748222,161.87650232806084,327.0,55.708391533656616,100.0,vet,silverstone,2019
153.29019397748613,65.0,22.52252836114722,24.513652964329253,8291.920426866189,171.03444366199955,330.0,59.67435134503015,100.0,vet,silverstone,2020
150.21305653423966,61.666666666666664,24.29042935320959,22.814647586312944,8309.613882214291,169.17171000674776,326.3333333333333,59.9250016223711,100.0,vet,silverstone,2021
147.52714289726532,54.75,22.644925375421757,23.020133678030188,8204.91617405193,168.3815744037238,327.25,59.08507281027505,100.0,vet,silverstone,2022
142.2868473842868,48.0,12.582746187687727,53.95521777601446,8512.16151653704,147.02829039970777,332.0,48.372466545164166,100.0,vet,sochi,2018
142.2868473842868,48.0,12.582746187687727,53.95521777601446,8512.16151653704,147.02829039970777,332.0,48.372466545164166,100.0,vet,sochi,2019
146.27740176372384,46.0,16.170552002210297,53.2999531300694,8569.463803634402,147.5310139280418,332.0,52.7524637404846,100.0,vet,sochi,2020
142.0167600296104,43.0,16.117870043792223,52.7157121218203,8432.678489170909,139.40591160134815,329.3333333333333,51.523952261947336,100.0,vet,sochi,2021
155.9634021027482,37.0,33.32037355450167,23.617402309785945,8698.03963205985,177.52159766982655,338.0,58.07210277717264,100.0,vet,spa,2018
155.9634021027482,37.0,33.32037355450167,23.617402309785945,8698.03963205985,177.52159766982655,338.0,58.07210277717264,100.0,vet,spa,2019
152.568034103092,18.5,37.593818677990996,19.557527660846905,8468.241870759337,174.2348192464748,342.0,56.091706921775184,100.0,vet,spa,2020
152.5427691284409,23.666666666666668,37.83713513096891,16.447639215314076,8524.203048636302,173.084662172973,339.0,56.13863533439163,100.0,vet,spa,2021
147.51236867038762,27.75,34.28527042394581,18.959880803594718,8370.595046718008,168.10386749634844,333.0,54.46440831351844,100.0,vet,spa,2022
151.8671136414473,0.0,27.85558139501469,21.54672375192305,8457.40637657196,165.83786494923626,326.0,52.26550574335138,100.0,vet,suzuka,2018
151.8671136414473,0.0,27.85558139501469,21.54672375192305,8457.40637657196,165.83786494923626,326.0,52.26550574335138,100.0,vet,suzuka,2019
158.22286929187155,29.0,34.488425664522666,20.23255659639348,8720.970115390523,170.71471256307592,330.5,57.24044180422436,100.0,vet,suzuka,2022
120.19308282888733,47.0,25.007876009730953,30.445133374334794,8025.70025781551,172.0960598049937,330.0,55.34898267233096,100.0,vet,villeneuve,2018
120.19308282888733,47.0,25.007876009730953,30.445133374334794,8025.70025781551,172.0960598049937,330.0,55.34898267233096,100.0,vet,villeneuve,2019
118.46379111747882,49.0,30.928929425345515,22.850165392057363,8129.681319148398,167.1387158683812,334.0,53.99158349766419,100.0,vet,villeneuve,2022
118.27402686443178,52.0,13.89411705583843,37.71836394451008,7715.914184956919,137.34694449388454,336.0,41.10301263634672,100.0,vet,yas_marina,2018
118.27402686443178,52.0,13.89411705583843,37.71836394451008,7715.914184956919,137.34694449388454,336.0,41.10301263634672,100.0,vet,yas_marina,2019
116.29878844522484,49.5,17.639253144579715,33.308554874447026,7771.759382686167,135.14894147165694,334.5,42.83991361241755,100.0,vet,yas_marina,2020
115.53243664929305,48.0,17.894343778783895,33.47697965230392,7743.682585318019,134.57355931516167,330.0,43.7894435485757,100.0,vet,yas_marina,2021
125.31883576069505,36.0,23.30363145128534,30.194384201174962,8121.322089355451,140.7467619002444,328.0,44.17234706591401,100.0,vet,yas_marina,2022
129.45339756693923,44.0,41.020615881032555,13.068282026615359,8723.98174452862,142.05968409407376,318.0,41.65296750262517,100.0,vet,zandvoort,2021
129.45339756693923,44.0,41.020615881032555,13.068282026615359,8723.98174452862,142.05968409407376,318.0,41.65296750262517,100.0,vet,zandvoort,2022
156.60235655544875,35.0,54.58826988683883,7.881177864506309,8961.605010688265,171.09216755266425,316.0,57.81101220118332,100.0,zho,albert_park,2022
117.93786744964585,44.0,20.53207073323669,26.605696623566526,7915.019712438939,148.77426045198828,324.0,47.777304347514615,100.0,zho,americas,2022
120.26257794224436,48.0,32.58691145094191,16.877289994306796,8016.002958784452,162.09564639496492,317.0,59.638145917735145,100.0,zho,bahrain,2022
119.63488085870836,46.0,16.209789217004296,38.010186506660524,7994.8019214665155,137.3824647371258,323.0,51.274380979038234,100.0,zho,catalunya,2022
113.64541596656086,38.0,13.723460807319167,23.58164859747574,7969.253663551175,143.56552076116583,310.0,48.22905508916162,100.0,zho,hungaroring,2022
110.22351401886235,43.0,13.562989969935781,31.077000114667833,7584.118777779845,150.90204415130245,305.0,46.82815918799352,100.0,zho,interlagos,2022
153.17527839808392,57.0,39.5287419404089,16.739531684854395,8672.933142774104,187.09292982216195,347.0,62.509269779964924,100.0,zho,monza,2022
142.17237769132862,57.0,31.10577204932545,15.895601855241456,8462.78150306839,172.49235439839575,319.0,53.10129104744198,100.0,zho,red_bull_ring,2022
182.33991910319656,44.0,40.890978712244106,36.280150803105684,9092.153409691378,157.35551096643223,350.0,39.6780123003455,100.0,zho,rodriguez,2022
129.3106658467912,32.0,9.876377633813881,45.84649459230528,8074.47305953381,163.17712981570207,298.0,56.542847296999376,100.0,zho,silverstone,2022
147.79997536161517,43.0,41.055451148739536,12.497876987179358,8884.02869880355,172.12961411111272,337.0,55.27500732754197,100.0,zho,spa,2022
147.8979449503739,47.0,27.621868773974835,26.87472625013304,8486.131227944481,168.6200169988172,324.0,54.018585189666176,100.0,zho,suzuka,2022
93.22004613520357,37.0,20.04486575368672,16.53398008936873,7227.980162133668,141.28180241378215,301.0,44.43773887311899,100.0,zho,villeneuve,2022
146.65559338319613,31.0,45.094340167389994,21.3074150292236,8885.438975499226,147.6731335658685,324.0,44.09260003399925,100.0,zho,yas_marina,2022
138.40923449361526,53.0,56.18286704722756,6.0580103119370134,9212.825420222616,146.30776401964746,322.0,39.73891276858738,100.0,zho,zandvoort,2022
122.0522850062947,59.0,20.289075516387516,26.076974759012902,7810.431481293578,150.6028240555362,325.0,50.969820050131126,100.0,zhou,austin,2023
140.99555776020895,12.0,28.714862598324075,33.98586497415986,8697.410469718914,148.35755531809446,330.0,55.80373195954439,100.0,zhou,barcelona,2023
117.16772682256257,49.0,13.78241299585277,41.49869121155708,8044.4714220428095,136.74729134863637,315.0,53.87184756501243,100.0,zhou,budapest,2023
169.26926080695569,33.0,54.09646487595327,8.14161167835448,9321.488597648082,186.65620414488748,321.0,64.86993018300724,100.0,zhou,melbourne,2023
180.08914312188608,39.0,40.73145240428053,35.44303670503457,9160.955800594998,152.5035179522938,348.0,42.33164288972683,100.0,zhou,mexico_city,2023
81.44794425441592,0.0,18.246243231045447,18.936965483159966,6623.780098980633,126.17136188533249,309.0,38.62252219259947,100.0,zhou,montréal,2023
161.91902928304285,57.0,49.070234937956556,13.719663844335123,8860.613473101495,198.26713047615056,350.0,71.87713494427723,100.0,zhou,monza,2023
120.06028022179551,50.0,25.421175360071693,24.314429527054585,7851.274074404355,159.72111407267832,321.0,57.295058006498266,100.0,zhou,sakhir,2023
141.1148226590483,39.0,22.236062163065718,34.91012438541807,8529.200910062147,181.32803362818157,304.0,60.084664246273306,100.0,zhou,silverstone,2023
132.13943148125568,42.0,26.53979902726249,22.252795701606143,8312.56828257044,167.91927509635482,319.0,51.655545614135455,100.0,zhou,spa_francorchamps,2023
135.95391674385445,39.0,31.68096043997556,23.5313561115942,8441.308431340138,146.61416441750762,326.0,56.369238572105395,100.0,zhou,spielberg,2023
152.77327588114431,59.0,29.298933863981922,19.903858311753048,8178.614654517218,175.52498327839345,327.0,52.98482456103838,100.0,zhou,suzuka,2023
116.21383852719272,48.0,16.064556467623117,39.07445596211063,7906.620364589791,149.6282738829313,329.0,52.50494991246771,100.0,zhou,são_paulo,2023
115.54259556748474,51.0,42.27003282690647,4.359153642311601,8050.381456979345,149.7825189323818,300.0,38.61674071773962,100.0,zhou,zandvoort,2023
